u,v,X,Y,Z
0.000000, 0.000000,0.000000,15.000000,0.000000
0.000000, 0.020000,0.600000,15.176400,0.000000
0.000000, 0.040000,1.200000,15.345600,0.000000
0.000000, 0.060000,1.800000,15.507600,0.000000
0.000000, 0.080000,2.400000,15.662400,0.000000
0.000000, 0.100000,3.000000,15.810000,0.000000
0.000000, 0.120000,3.600000,15.950400,0.000000
0.000000, 0.140000,4.200000,16.083600,0.000000
0.000000, 0.160000,4.800000,16.209600,0.000000
0.000000, 0.180000,5.400000,16.328400,0.000000
0.000000, 0.200000,6.000000,16.440000,0.000000
0.000000, 0.220000,6.600000,16.544400,0.000000
0.000000, 0.240000,7.200000,16.641600,0.000000
0.000000, 0.260000,7.800000,16.731600,0.000000
0.000000, 0.280000,8.400000,16.814400,0.000000
0.000000, 0.300000,9.000000,16.890000,0.000000
0.000000, 0.320000,9.600000,16.958400,0.000000
0.000000, 0.340000,10.200000,17.019600,0.000000
0.000000, 0.360000,10.800000,17.073600,0.000000
0.000000, 0.380000,11.400000,17.120400,0.000000
0.000000, 0.400000,12.000000,17.160000,0.000000
0.000000, 0.420000,12.600000,17.192400,0.000000
0.000000, 0.440000,13.200000,17.217600,0.000000
0.000000, 0.460000,13.800000,17.235600,0.000000
0.000000, 0.480000,14.400000,17.246400,0.000000
0.000000, 0.500000,15.000000,17.250000,0.000000
0.000000, 0.520000,15.600000,17.246400,0.000000
0.000000, 0.540000,16.200000,17.235600,0.000000
0.000000, 0.560000,16.800000,17.217600,0.000000
0.000000, 0.580000,17.400000,17.192400,0.000000
0.000000, 0.600000,18.000000,17.160000,0.000000
0.000000, 0.620000,18.600000,17.120400,0.000000
0.000000, 0.640000,19.200000,17.073600,0.000000
0.000000, 0.660000,19.800000,17.019600,0.000000
0.000000, 0.680000,20.400000,16.958400,0.000000
0.000000, 0.700000,21.000000,16.890000,0.000000
0.000000, 0.720000,21.600000,16.814400,0.000000
0.000000, 0.740000,22.200000,16.731600,0.000000
0.000000, 0.760000,22.800000,16.641600,0.000000
0.000000, 0.780000,23.400000,16.544400,0.000000
0.000000, 0.800000,24.000000,16.440000,0.000000
0.000000, 0.820000,24.600000,16.328400,0.000000
0.000000, 0.840000,25.200000,16.209600,0.000000
0.000000, 0.860000,25.800000,16.083600,0.000000
0.000000, 0.880000,26.400000,15.950400,0.000000
0.000000, 0.900000,27.000000,15.810000,0.000000
0.000000, 0.920000,27.600000,15.662400,0.000000
0.000000, 0.940000,28.200000,15.507600,0.000000
0.000000, 0.960000,28.800000,15.345600,0.000000
0.000000, 0.980000,29.400000,15.176400,0.000000
0.000000, 1.000000,30.000000,15.000000,0.000000
0.020000, 0.000000,0.000000,15.411600,0.600000
0.020000, 0.020000,0.600000,15.623612,0.600000
0.020000, 0.040000,1.200000,15.826970,0.600000
0.020000, 0.060000,1.800000,16.021674,0.600000
0.020000, 0.080000,2.400000,16.207725,0.600000
0.020000, 0.100000,3.000000,16.385123,0.600000
0.020000, 0.120000,3.600000,16.553867,0.600000
0.020000, 0.140000,4.200000,16.713957,0.600000
0.020000, 0.160000,4.800000,16.865394,0.600000
0.020000, 0.180000,5.400000,17.008177,0.600000
0.020000, 0.200000,6.000000,17.142307,0.600000
0.020000, 0.220000,6.600000,17.267783,0.600000
0.020000, 0.240000,7.200000,17.384606,0.600000
0.020000, 0.260000,7.800000,17.492775,0.600000
0.020000, 0.280000,8.400000,17.592291,0.600000
0.020000, 0.300000,9.000000,17.683153,0.600000
0.020000, 0.320000,9.600000,17.765362,0.600000
0.020000, 0.340000,10.200000,17.838917,0.600000
0.020000, 0.360000,10.800000,17.903818,0.600000
0.020000, 0.380000,11.400000,17.960066,0.600000
0.020000, 0.400000,12.000000,18.007661,0.600000
0.020000, 0.420000,12.600000,18.046602,0.600000
0.020000, 0.440000,13.200000,18.076889,0.600000
0.020000, 0.460000,13.800000,18.098523,0.600000
0.020000, 0.480000,14.400000,18.111503,0.600000
0.020000, 0.500000,15.000000,18.115830,0.600000
0.020000, 0.520000,15.600000,18.111503,0.600000
0.020000, 0.540000,16.200000,18.098523,0.600000
0.020000, 0.560000,16.800000,18.076889,0.600000
0.020000, 0.580000,17.400000,18.046602,0.600000
0.020000, 0.600000,18.000000,18.007661,0.600000
0.020000, 0.620000,18.600000,17.960066,0.600000
0.020000, 0.640000,19.200000,17.903818,0.600000
0.020000, 0.660000,19.800000,17.838917,0.600000
0.020000, 0.680000,20.400000,17.765362,0.600000
0.020000, 0.700000,21.000000,17.683153,0.600000
0.020000, 0.720000,21.600000,17.592291,0.600000
0.020000, 0.740000,22.200000,17.492775,0.600000
0.020000, 0.760000,22.800000,17.384606,0.600000
0.020000, 0.780000,23.400000,17.267783,0.600000
0.020000, 0.800000,24.000000,17.142307,0.600000
0.020000, 0.820000,24.600000,17.008177,0.600000
0.020000, 0.840000,25.200000,16.865394,0.600000
0.020000, 0.860000,25.800000,16.713957,0.600000
0.020000, 0.880000,26.400000,16.553867,0.600000
0.020000, 0.900000,27.000000,16.385123,0.600000
0.020000, 0.920000,27.600000,16.207725,0.600000
0.020000, 0.940000,28.200000,16.021674,0.600000
0.020000, 0.960000,28.800000,15.826970,0.600000
0.020000, 0.980000,29.400000,15.623612,0.600000
0.020000, 1.000000,30.000000,15.411600,0.600000
0.040000, 0.000000,0.000000,15.806400,1.200000
0.040000, 0.020000,0.600000,16.054602,1.200000
0.040000, 0.040000,1.200000,16.292673,1.200000
0.040000, 0.060000,1.800000,16.520614,1.200000
0.040000, 0.080000,2.400000,16.738423,1.200000
0.040000, 0.100000,3.000000,16.946102,1.200000
0.040000, 0.120000,3.600000,17.143651,1.200000
0.040000, 0.140000,4.200000,17.331069,1.200000
0.040000, 0.160000,4.800000,17.508356,1.200000
0.040000, 0.180000,5.400000,17.675512,1.200000
0.040000, 0.200000,6.000000,17.832538,1.200000
0.040000, 0.220000,6.600000,17.979433,1.200000
0.040000, 0.240000,7.200000,18.116197,1.200000
0.040000, 0.260000,7.800000,18.242830,1.200000
0.040000, 0.280000,8.400000,18.359333,1.200000
0.040000, 0.300000,9.000000,18.465706,1.200000
0.040000, 0.320000,9.600000,18.561947,1.200000
0.040000, 0.340000,10.200000,18.648058,1.200000
0.040000, 0.360000,10.800000,18.724038,1.200000
0.040000, 0.380000,11.400000,18.789888,1.200000
0.040000, 0.400000,12.000000,18.845606,1.200000
0.040000, 0.420000,12.600000,18.891194,1.200000
0.040000, 0.440000,13.200000,18.926652,1.200000
0.040000, 0.460000,13.800000,18.951979,1.200000
0.040000, 0.480000,14.400000,18.967175,1.200000
0.040000, 0.500000,15.000000,18.972240,1.200000
0.040000, 0.520000,15.600000,18.967175,1.200000
0.040000, 0.540000,16.200000,18.951979,1.200000
0.040000, 0.560000,16.800000,18.926652,1.200000
0.040000, 0.580000,17.400000,18.891194,1.200000
0.040000, 0.600000,18.000000,18.845606,1.200000
0.040000, 0.620000,18.600000,18.789888,1.200000
0.040000, 0.640000,19.200000,18.724038,1.200000
0.040000, 0.660000,19.800000,18.648058,1.200000
0.040000, 0.680000,20.400000,18.561947,1.200000
0.040000, 0.700000,21.000000,18.465706,1.200000
0.040000, 0.720000,21.600000,18.359333,1.200000
0.040000, 0.740000,22.200000,18.242830,1.200000
0.040000, 0.760000,22.800000,18.116197,1.200000
0.040000, 0.780000,23.400000,17.979433,1.200000
0.040000, 0.800000,24.000000,17.832538,1.200000
0.040000, 0.820000,24.600000,17.675512,1.200000
0.040000, 0.840000,25.200000,17.508356,1.200000
0.040000, 0.860000,25.800000,17.331069,1.200000
0.040000, 0.880000,26.400000,17.143651,1.200000
0.040000, 0.900000,27.000000,16.946102,1.200000
0.040000, 0.920000,27.600000,16.738423,1.200000
0.040000, 0.940000,28.200000,16.520614,1.200000
0.040000, 0.960000,28.800000,16.292673,1.200000
0.040000, 0.980000,29.400000,16.054602,1.200000
0.040000, 1.000000,30.000000,15.806400,1.200000
0.060000, 0.000000,0.000000,16.184400,1.800000
0.060000, 0.020000,0.600000,16.469244,1.800000
0.060000, 0.040000,1.200000,16.742461,1.800000
0.060000, 0.060000,1.800000,17.004052,1.800000
0.060000, 0.080000,2.400000,17.254017,1.800000
0.060000, 0.100000,3.000000,17.492356,1.800000
0.060000, 0.120000,3.600000,17.719068,1.800000
0.060000, 0.140000,4.200000,17.934154,1.800000
0.060000, 0.160000,4.800000,18.137614,1.800000
0.060000, 0.180000,5.400000,18.329447,1.800000
0.060000, 0.200000,6.000000,18.509654,1.800000
0.060000, 0.220000,6.600000,18.678235,1.800000
0.060000, 0.240000,7.200000,18.835190,1.800000
0.060000, 0.260000,7.800000,18.980518,1.800000
0.060000, 0.280000,8.400000,19.114221,1.800000
0.060000, 0.300000,9.000000,19.236296,1.800000
0.060000, 0.320000,9.600000,19.346746,1.800000
0.060000, 0.340000,10.200000,19.445569,1.800000
0.060000, 0.360000,10.800000,19.532766,1.800000
0.060000, 0.380000,11.400000,19.608337,1.800000
0.060000, 0.400000,12.000000,19.672282,1.800000
0.060000, 0.420000,12.600000,19.724600,1.800000
0.060000, 0.440000,13.200000,19.765292,1.800000
0.060000, 0.460000,13.800000,19.794357,1.800000
0.060000, 0.480000,14.400000,19.811797,1.800000
0.060000, 0.500000,15.000000,19.817610,1.800000
0.060000, 0.520000,15.600000,19.811797,1.800000
0.060000, 0.540000,16.200000,19.794357,1.800000
0.060000, 0.560000,16.800000,19.765292,1.800000
0.060000, 0.580000,17.400000,19.724600,1.800000
0.060000, 0.600000,18.000000,19.672282,1.800000
0.060000, 0.620000,18.600000,19.608337,1.800000
0.060000, 0.640000,19.200000,19.532766,1.800000
0.060000, 0.660000,19.800000,19.445569,1.800000
0.060000, 0.680000,20.400000,19.346746,1.800000
0.060000, 0.700000,21.000000,19.236296,1.800000
0.060000, 0.720000,21.600000,19.114221,1.800000
0.060000, 0.740000,22.200000,18.980518,1.800000
0.060000, 0.760000,22.800000,18.835190,1.800000
0.060000, 0.780000,23.400000,18.678235,1.800000
0.060000, 0.800000,24.000000,18.509654,1.800000
0.060000, 0.820000,24.600000,18.329447,1.800000
0.060000, 0.840000,25.200000,18.137614,1.800000
0.060000, 0.860000,25.800000,17.934154,1.800000
0.060000, 0.880000,26.400000,17.719068,1.800000
0.060000, 0.900000,27.000000,17.492356,1.800000
0.060000, 0.920000,27.600000,17.254017,1.800000
0.060000, 0.940000,28.200000,17.004052,1.800000
0.060000, 0.960000,28.800000,16.742461,1.800000
0.060000, 0.980000,29.400000,16.469244,1.800000
0.060000, 1.000000,30.000000,16.184400,1.800000
0.080000, 0.000000,0.000000,16.545600,2.400000
0.080000, 0.020000,0.600000,16.867410,2.400000
0.080000, 0.040000,1.200000,17.176085,2.400000
0.080000, 0.060000,1.800000,17.471625,2.400000
0.080000, 0.080000,2.400000,17.754030,2.400000
0.080000, 0.100000,3.000000,18.023299,2.400000
0.080000, 0.120000,3.600000,18.279434,2.400000
0.080000, 0.140000,4.200000,18.522433,2.400000
0.080000, 0.160000,4.800000,18.752297,2.400000
0.080000, 0.180000,5.400000,18.969027,2.400000
0.080000, 0.200000,6.000000,19.172621,2.400000
0.080000, 0.220000,6.600000,19.363080,2.400000
0.080000, 0.240000,7.200000,19.540404,2.400000
0.080000, 0.260000,7.800000,19.704593,2.400000
0.080000, 0.280000,8.400000,19.855646,2.400000
0.080000, 0.300000,9.000000,19.993565,2.400000
0.080000, 0.320000,9.600000,20.118348,2.400000
0.080000, 0.340000,10.200000,20.229997,2.400000
0.080000, 0.360000,10.800000,20.328510,2.400000
0.080000, 0.380000,11.400000,20.413888,2.400000
0.080000, 0.400000,12.000000,20.486131,2.400000
0.080000, 0.420000,12.600000,20.545239,2.400000
0.080000, 0.440000,13.200000,20.591212,2.400000
0.080000, 0.460000,13.800000,20.624050,2.400000
0.080000, 0.480000,14.400000,20.643752,2.400000
0.080000, 0.500000,15.000000,20.650320,2.400000
0.080000, 0.520000,15.600000,20.643752,2.400000
0.080000, 0.540000,16.200000,20.624050,2.400000
0.080000, 0.560000,16.800000,20.591212,2.400000
0.080000, 0.580000,17.400000,20.545239,2.400000
0.080000, 0.600000,18.000000,20.486131,2.400000
0.080000, 0.620000,18.600000,20.413888,2.400000
0.080000, 0.640000,19.200000,20.328510,2.400000
0.080000, 0.660000,19.800000,20.229997,2.400000
0.080000, 0.680000,20.400000,20.118348,2.400000
0.080000, 0.700000,21.000000,19.993565,2.400000
0.080000, 0.720000,21.600000,19.855646,2.400000
0.080000, 0.740000,22.200000,19.704593,2.400000
0.080000, 0.760000,22.800000,19.540404,2.400000
0.080000, 0.780000,23.400000,19.363080,2.400000
0.080000, 0.800000,24.000000,19.172621,2.400000
0.080000, 0.820000,24.600000,18.969027,2.400000
0.080000, 0.840000,25.200000,18.752297,2.400000
0.080000, 0.860000,25.800000,18.522433,2.400000
0.080000, 0.880000,26.400000,18.279434,2.400000
0.080000, 0.900000,27.000000,18.023299,2.400000
0.080000, 0.920000,27.600000,17.754030,2.400000
0.080000, 0.940000,28.200000,17.471625,2.400000
0.080000, 0.960000,28.800000,17.176085,2.400000
0.080000, 0.980000,29.400000,16.867410,2.400000
0.080000, 1.000000,30.000000,16.545600,2.400000
0.100000, 0.000000,0.000000,16.890000,3.000000
0.100000, 0.020000,0.600000,17.248974,3.000000
0.100000, 0.040000,1.200000,17.593296,3.000000
0.100000, 0.060000,1.800000,17.922966,3.000000
0.100000, 0.080000,2.400000,18.237984,3.000000
0.100000, 0.100000,3.000000,18.538350,3.000000
0.100000, 0.120000,3.600000,18.824064,3.000000
0.100000, 0.140000,4.200000,19.095126,3.000000
0.100000, 0.160000,4.800000,19.351536,3.000000
0.100000, 0.180000,5.400000,19.593294,3.000000
0.100000, 0.200000,6.000000,19.820400,3.000000
0.100000, 0.220000,6.600000,20.032854,3.000000
0.100000, 0.240000,7.200000,20.230656,3.000000
0.100000, 0.260000,7.800000,20.413806,3.000000
0.100000, 0.280000,8.400000,20.582304,3.000000
0.100000, 0.300000,9.000000,20.736150,3.000000
0.100000, 0.320000,9.600000,20.875344,3.000000
0.100000, 0.340000,10.200000,20.999886,3.000000
0.100000, 0.360000,10.800000,21.109776,3.000000
0.100000, 0.380000,11.400000,21.205014,3.000000
0.100000, 0.400000,12.000000,21.285600,3.000000
0.100000, 0.420000,12.600000,21.351534,3.000000
0.100000, 0.440000,13.200000,21.402816,3.000000
0.100000, 0.460000,13.800000,21.439446,3.000000
0.100000, 0.480000,14.400000,21.461424,3.000000
0.100000, 0.500000,15.000000,21.468750,3.000000
0.100000, 0.520000,15.600000,21.461424,3.000000
0.100000, 0.540000,16.200000,21.439446,3.000000
0.100000, 0.560000,16.800000,21.402816,3.000000
0.100000, 0.580000,17.400000,21.351534,3.000000
0.100000, 0.600000,18.000000,21.285600,3.000000
0.100000, 0.620000,18.600000,21.205014,3.000000
0.100000, 0.640000,19.200000,21.109776,3.000000
0.100000, 0.660000,19.800000,20.999886,3.000000
0.100000, 0.680000,20.400000,20.875344,3.000000
0.100000, 0.700000,21.000000,20.736150,3.000000
0.100000, 0.720000,21.600000,20.582304,3.000000
0.100000, 0.740000,22.200000,20.413806,3.000000
0.100000, 0.760000,22.800000,20.230656,3.000000
0.100000, 0.780000,23.400000,20.032854,3.000000
0.100000, 0.800000,24.000000,19.820400,3.000000
0.100000, 0.820000,24.600000,19.593294,3.000000
0.100000, 0.840000,25.200000,19.351536,3.000000
0.100000, 0.860000,25.800000,19.095126,3.000000
0.100000, 0.880000,26.400000,18.824064,3.000000
0.100000, 0.900000,27.000000,18.538350,3.000000
0.100000, 0.920000,27.600000,18.237984,3.000000
0.100000, 0.940000,28.200000,17.922966,3.000000
0.100000, 0.960000,28.800000,17.593296,3.000000
0.100000, 0.980000,29.400000,17.248974,3.000000
0.100000, 1.000000,30.000000,16.890000,3.000000
0.120000, 0.000000,0.000000,17.217600,3.600000
0.120000, 0.020000,0.600000,17.613809,3.600000
0.120000, 0.040000,1.200000,17.993845,3.600000
0.120000, 0.060000,1.800000,18.357710,3.600000
0.120000, 0.080000,2.400000,18.705403,3.600000
0.120000, 0.100000,3.000000,19.036925,3.600000
0.120000, 0.120000,3.600000,19.352274,3.600000
0.120000, 0.140000,4.200000,19.651452,3.600000
0.120000, 0.160000,4.800000,19.934458,3.600000
0.120000, 0.180000,5.400000,20.201293,3.600000
0.120000, 0.200000,6.000000,20.451955,3.600000
0.120000, 0.220000,6.600000,20.686446,3.600000
0.120000, 0.240000,7.200000,20.904765,3.600000
0.120000, 0.260000,7.800000,21.106912,3.600000
0.120000, 0.280000,8.400000,21.292888,3.600000
0.120000, 0.300000,9.000000,21.462691,3.600000
0.120000, 0.320000,9.600000,21.616323,3.600000
0.120000, 0.340000,10.200000,21.753783,3.600000
0.120000, 0.360000,10.800000,21.875071,3.600000
0.120000, 0.380000,11.400000,21.980188,3.600000
0.120000, 0.400000,12.000000,22.069133,3.600000
0.120000, 0.420000,12.600000,22.141906,3.600000
0.120000, 0.440000,13.200000,22.198507,3.600000
0.120000, 0.460000,13.800000,22.238936,3.600000
0.120000, 0.480000,14.400000,22.263194,3.600000
0.120000, 0.500000,15.000000,22.271280,3.600000
0.120000, 0.520000,15.600000,22.263194,3.600000
0.120000, 0.540000,16.200000,22.238936,3.600000
0.120000, 0.560000,16.800000,22.198507,3.600000
0.120000, 0.580000,17.400000,22.141906,3.600000
0.120000, 0.600000,18.000000,22.069133,3.600000
0.120000, 0.620000,18.600000,21.980188,3.600000
0.120000, 0.640000,19.200000,21.875071,3.600000
0.120000, 0.660000,19.800000,21.753783,3.600000
0.120000, 0.680000,20.400000,21.616323,3.600000
0.120000, 0.700000,21.000000,21.462691,3.600000
0.120000, 0.720000,21.600000,21.292888,3.600000
0.120000, 0.740000,22.200000,21.106912,3.600000
0.120000, 0.760000,22.800000,20.904765,3.600000
0.120000, 0.780000,23.400000,20.686446,3.600000
0.120000, 0.800000,24.000000,20.451955,3.600000
0.120000, 0.820000,24.600000,20.201293,3.600000
0.120000, 0.840000,25.200000,19.934458,3.600000
0.120000, 0.860000,25.800000,19.651452,3.600000
0.120000, 0.880000,26.400000,19.352274,3.600000
0.120000, 0.900000,27.000000,19.036925,3.600000
0.120000, 0.920000,27.600000,18.705403,3.600000
0.120000, 0.940000,28.200000,18.357710,3.600000
0.120000, 0.960000,28.800000,17.993845,3.600000
0.120000, 0.980000,29.400000,17.613809,3.600000
0.120000, 1.000000,30.000000,17.217600,3.600000
0.140000, 0.000000,0.000000,17.528400,4.200000
0.140000, 0.020000,0.600000,17.961787,4.200000
0.140000, 0.040000,1.200000,18.377484,4.200000
0.140000, 0.060000,1.800000,18.775492,4.200000
0.140000, 0.080000,2.400000,19.155811,4.200000
0.140000, 0.100000,3.000000,19.518440,4.200000
0.140000, 0.120000,3.600000,19.863381,4.200000
0.140000, 0.140000,4.200000,20.190632,4.200000
0.140000, 0.160000,4.800000,20.500194,4.200000
0.140000, 0.180000,5.400000,20.792066,4.200000
0.140000, 0.200000,6.000000,21.066250,4.200000
0.140000, 0.220000,6.600000,21.322744,4.200000
0.140000, 0.240000,7.200000,21.561549,4.200000
0.140000, 0.260000,7.800000,21.782664,4.200000
0.140000, 0.280000,8.400000,21.986090,4.200000
0.140000, 0.300000,9.000000,22.171828,4.200000
0.140000, 0.320000,9.600000,22.339875,4.200000
0.140000, 0.340000,10.200000,22.490234,4.200000
0.140000, 0.360000,10.800000,22.622903,4.200000
0.140000, 0.380000,11.400000,22.737884,4.200000
0.140000, 0.400000,12.000000,22.835174,4.200000
0.140000, 0.420000,12.600000,22.914776,4.200000
0.140000, 0.440000,13.200000,22.976688,4.200000
0.140000, 0.460000,13.800000,23.020912,4.200000
0.140000, 0.480000,14.400000,23.047445,4.200000
0.140000, 0.500000,15.000000,23.056290,4.200000
0.140000, 0.520000,15.600000,23.047445,4.200000
0.140000, 0.540000,16.200000,23.020912,4.200000
0.140000, 0.560000,16.800000,22.976688,4.200000
0.140000, 0.580000,17.400000,22.914776,4.200000
0.140000, 0.600000,18.000000,22.835174,4.200000
0.140000, 0.620000,18.600000,22.737884,4.200000
0.140000, 0.640000,19.200000,22.622903,4.200000
0.140000, 0.660000,19.800000,22.490234,4.200000
0.140000, 0.680000,20.400000,22.339875,4.200000
0.140000, 0.700000,21.000000,22.171828,4.200000
0.140000, 0.720000,21.600000,21.986090,4.200000
0.140000, 0.740000,22.200000,21.782664,4.200000
0.140000, 0.760000,22.800000,21.561549,4.200000
0.140000, 0.780000,23.400000,21.322744,4.200000
0.140000, 0.800000,24.000000,21.066250,4.200000
0.140000, 0.820000,24.600000,20.792066,4.200000
0.140000, 0.840000,25.200000,20.500194,4.200000
0.140000, 0.860000,25.800000,20.190632,4.200000
0.140000, 0.880000,26.400000,19.863381,4.200000
0.140000, 0.900000,27.000000,19.518440,4.200000
0.140000, 0.920000,27.600000,19.155811,4.200000
0.140000, 0.940000,28.200000,18.775492,4.200000
0.140000, 0.960000,28.800000,18.377484,4.200000
0.140000, 0.980000,29.400000,17.961787,4.200000
0.140000, 1.000000,30.000000,17.528400,4.200000
0.160000, 0.000000,0.000000,17.822400,4.800000
0.160000, 0.020000,0.600000,18.292781,4.800000
0.160000, 0.040000,1.200000,18.743963,4.800000
0.160000, 0.060000,1.800000,19.175946,4.800000
0.160000, 0.080000,2.400000,19.588729,4.800000
0.160000, 0.100000,3.000000,19.982314,4.800000
0.160000, 0.120000,3.600000,20.356699,4.800000
0.160000, 0.140000,4.200000,20.711884,4.800000
0.160000, 0.160000,4.800000,21.047871,4.800000
0.160000, 0.180000,5.400000,21.364658,4.800000
0.160000, 0.200000,6.000000,21.662246,4.800000
0.160000, 0.220000,6.600000,21.940635,4.800000
0.160000, 0.240000,7.200000,22.199825,4.800000
0.160000, 0.260000,7.800000,22.439815,4.800000
0.160000, 0.280000,8.400000,22.660606,4.800000
0.160000, 0.300000,9.000000,22.862198,4.800000
0.160000, 0.320000,9.600000,23.044591,4.800000
0.160000, 0.340000,10.200000,23.207785,4.800000
0.160000, 0.360000,10.800000,23.351779,4.800000
0.160000, 0.380000,11.400000,23.476574,4.800000
0.160000, 0.400000,12.000000,23.582170,4.800000
0.160000, 0.420000,12.600000,23.668566,4.800000
0.160000, 0.440000,13.200000,23.735763,4.800000
0.160000, 0.460000,13.800000,23.783762,4.800000
0.160000, 0.480000,14.400000,23.812560,4.800000
0.160000, 0.500000,15.000000,23.822160,4.800000
0.160000, 0.520000,15.600000,23.812560,4.800000
0.160000, 0.540000,16.200000,23.783762,4.800000
0.160000, 0.560000,16.800000,23.735763,4.800000
0.160000, 0.580000,17.400000,23.668566,4.800000
0.160000, 0.600000,18.000000,23.582170,4.800000
0.160000, 0.620000,18.600000,23.476574,4.800000
0.160000, 0.640000,19.200000,23.351779,4.800000
0.160000, 0.660000,19.800000,23.207785,4.800000
0.160000, 0.680000,20.400000,23.044591,4.800000
0.160000, 0.700000,21.000000,22.862198,4.800000
0.160000, 0.720000,21.600000,22.660606,4.800000
0.160000, 0.740000,22.200000,22.439815,4.800000
0.160000, 0.760000,22.800000,22.199825,4.800000
0.160000, 0.780000,23.400000,21.940635,4.800000
0.160000, 0.800000,24.000000,21.662246,4.800000
0.160000, 0.820000,24.600000,21.364658,4.800000
0.160000, 0.840000,25.200000,21.047871,4.800000
0.160000, 0.860000,25.800000,20.711884,4.800000
0.160000, 0.880000,26.400000,20.356699,4.800000
0.160000, 0.900000,27.000000,19.982314,4.800000
0.160000, 0.920000,27.600000,19.588729,4.800000
0.160000, 0.940000,28.200000,19.175946,4.800000
0.160000, 0.960000,28.800000,18.743963,4.800000
0.160000, 0.980000,29.400000,18.292781,4.800000
0.160000, 1.000000,30.000000,17.822400,4.800000
0.180000, 0.000000,0.000000,18.099600,5.400000
0.180000, 0.020000,0.600000,18.606665,5.400000
0.180000, 0.040000,1.200000,19.093034,5.400000
0.180000, 0.060000,1.800000,19.558706,5.400000
0.180000, 0.080000,2.400000,20.003682,5.400000
0.180000, 0.100000,3.000000,20.427961,5.400000
0.180000, 0.120000,3.600000,20.831544,5.400000
0.180000, 0.140000,4.200000,21.214430,5.400000
0.180000, 0.160000,4.800000,21.576619,5.400000
0.180000, 0.180000,5.400000,21.918112,5.400000
0.180000, 0.200000,6.000000,22.238909,5.400000
0.180000, 0.220000,6.600000,22.539009,5.400000
0.180000, 0.240000,7.200000,22.818412,5.400000
0.180000, 0.260000,7.800000,23.077119,5.400000
0.180000, 0.280000,8.400000,23.315129,5.400000
0.180000, 0.300000,9.000000,23.532443,5.400000
0.180000, 0.320000,9.600000,23.729060,5.400000
0.180000, 0.340000,10.200000,23.904981,5.400000
0.180000, 0.360000,10.800000,24.060205,5.400000
0.180000, 0.380000,11.400000,24.194732,5.400000
0.180000, 0.400000,12.000000,24.308563,5.400000
0.180000, 0.420000,12.600000,24.401698,5.400000
0.180000, 0.440000,13.200000,24.474136,5.400000
0.180000, 0.460000,13.800000,24.525877,5.400000
0.180000, 0.480000,14.400000,24.556922,5.400000
0.180000, 0.500000,15.000000,24.567270,5.400000
0.180000, 0.520000,15.600000,24.556922,5.400000
0.180000, 0.540000,16.200000,24.525877,5.400000
0.180000, 0.560000,16.800000,24.474136,5.400000
0.180000, 0.580000,17.400000,24.401698,5.400000
0.180000, 0.600000,18.000000,24.308563,5.400000
0.180000, 0.620000,18.600000,24.194732,5.400000
0.180000, 0.640000,19.200000,24.060205,5.400000
0.180000, 0.660000,19.800000,23.904981,5.400000
0.180000, 0.680000,20.400000,23.729060,5.400000
0.180000, 0.700000,21.000000,23.532443,5.400000
0.180000, 0.720000,21.600000,23.315129,5.400000
0.180000, 0.740000,22.200000,23.077119,5.400000
0.180000, 0.760000,22.800000,22.818412,5.400000
0.180000, 0.780000,23.400000,22.539009,5.400000
0.180000, 0.800000,24.000000,22.238909,5.400000
0.180000, 0.820000,24.600000,21.918112,5.400000
0.180000, 0.840000,25.200000,21.576619,5.400000
0.180000, 0.860000,25.800000,21.214430,5.400000
0.180000, 0.880000,26.400000,20.831544,5.400000
0.180000, 0.900000,27.000000,20.427961,5.400000
0.180000, 0.920000,27.600000,20.003682,5.400000
0.180000, 0.940000,28.200000,19.558706,5.400000
0.180000, 0.960000,28.800000,19.093034,5.400000
0.180000, 0.980000,29.400000,18.606665,5.400000
0.180000, 1.000000,30.000000,18.099600,5.400000
0.200000, 0.000000,0.000000,18.360000,6.000000
0.200000, 0.020000,0.600000,18.903312,6.000000
0.200000, 0.040000,1.200000,19.424448,6.000000
0.200000, 0.060000,1.800000,19.923408,6.000000
0.200000, 0.080000,2.400000,20.400192,6.000000
0.200000, 0.100000,3.000000,20.854800,6.000000
0.200000, 0.120000,3.600000,21.287232,6.000000
0.200000, 0.140000,4.200000,21.697488,6.000000
0.200000, 0.160000,4.800000,22.085568,6.000000
0.200000, 0.180000,5.400000,22.451472,6.000000
0.200000, 0.200000,6.000000,22.795200,6.000000
0.200000, 0.220000,6.600000,23.116752,6.000000
0.200000, 0.240000,7.200000,23.416128,6.000000
0.200000, 0.260000,7.800000,23.693328,6.000000
0.200000, 0.280000,8.400000,23.948352,6.000000
0.200000, 0.300000,9.000000,24.181200,6.000000
0.200000, 0.320000,9.600000,24.391872,6.000000
0.200000, 0.340000,10.200000,24.580368,6.000000
0.200000, 0.360000,10.800000,24.746688,6.000000
0.200000, 0.380000,11.400000,24.890832,6.000000
0.200000, 0.400000,12.000000,25.012800,6.000000
0.200000, 0.420000,12.600000,25.112592,6.000000
0.200000, 0.440000,13.200000,25.190208,6.000000
0.200000, 0.460000,13.800000,25.245648,6.000000
0.200000, 0.480000,14.400000,25.278912,6.000000
0.200000, 0.500000,15.000000,25.290000,6.000000
0.200000, 0.520000,15.600000,25.278912,6.000000
0.200000, 0.540000,16.200000,25.245648,6.000000
0.200000, 0.560000,16.800000,25.190208,6.000000
0.200000, 0.580000,17.400000,25.112592,6.000000
0.200000, 0.600000,18.000000,25.012800,6.000000
0.200000, 0.620000,18.600000,24.890832,6.000000
0.200000, 0.640000,19.200000,24.746688,6.000000
0.200000, 0.660000,19.800000,24.580368,6.000000
0.200000, 0.680000,20.400000,24.391872,6.000000
0.200000, 0.700000,21.000000,24.181200,6.000000
0.200000, 0.720000,21.600000,23.948352,6.000000
0.200000, 0.740000,22.200000,23.693328,6.000000
0.200000, 0.760000,22.800000,23.416128,6.000000
0.200000, 0.780000,23.400000,23.116752,6.000000
0.200000, 0.800000,24.000000,22.795200,6.000000
0.200000, 0.820000,24.600000,22.451472,6.000000
0.200000, 0.840000,25.200000,22.085568,6.000000
0.200000, 0.860000,25.800000,21.697488,6.000000
0.200000, 0.880000,26.400000,21.287232,6.000000
0.200000, 0.900000,27.000000,20.854800,6.000000
0.200000, 0.920000,27.600000,20.400192,6.000000
0.200000, 0.940000,28.200000,19.923408,6.000000
0.200000, 0.960000,28.800000,19.424448,6.000000
0.200000, 0.980000,29.400000,18.903312,6.000000
0.200000, 1.000000,30.000000,18.360000,6.000000
0.220000, 0.000000,0.000000,18.603600,6.600000
0.220000, 0.020000,0.600000,19.182594,6.600000
0.220000, 0.040000,1.200000,19.737956,6.600000
0.220000, 0.060000,1.800000,20.269685,6.600000
0.220000, 0.080000,2.400000,20.777782,6.600000
0.220000, 0.100000,3.000000,21.262247,6.600000
0.220000, 0.120000,3.600000,21.723079,6.600000
0.220000, 0.140000,4.200000,22.160279,6.600000
0.220000, 0.160000,4.800000,22.573846,6.600000
0.220000, 0.180000,5.400000,22.963781,6.600000
0.220000, 0.200000,6.000000,23.330083,6.600000
0.220000, 0.220000,6.600000,23.672753,6.600000
0.220000, 0.240000,7.200000,23.991791,6.600000
0.220000, 0.260000,7.800000,24.287196,6.600000
0.220000, 0.280000,8.400000,24.558969,6.600000
0.220000, 0.300000,9.000000,24.807109,6.600000
0.220000, 0.320000,9.600000,25.031617,6.600000
0.220000, 0.340000,10.200000,25.232493,6.600000
0.220000, 0.360000,10.800000,25.409736,6.600000
0.220000, 0.380000,11.400000,25.563347,6.600000
0.220000, 0.400000,12.000000,25.693325,6.600000
0.220000, 0.420000,12.600000,25.799671,6.600000
0.220000, 0.440000,13.200000,25.882384,6.600000
0.220000, 0.460000,13.800000,25.941465,6.600000
0.220000, 0.480000,14.400000,25.976914,6.600000
0.220000, 0.500000,15.000000,25.988730,6.600000
0.220000, 0.520000,15.600000,25.976914,6.600000
0.220000, 0.540000,16.200000,25.941465,6.600000
0.220000, 0.560000,16.800000,25.882384,6.600000
0.220000, 0.580000,17.400000,25.799671,6.600000
0.220000, 0.600000,18.000000,25.693325,6.600000
0.220000, 0.620000,18.600000,25.563347,6.600000
0.220000, 0.640000,19.200000,25.409736,6.600000
0.220000, 0.660000,19.800000,25.232493,6.600000
0.220000, 0.680000,20.400000,25.031617,6.600000
0.220000, 0.700000,21.000000,24.807109,6.600000
0.220000, 0.720000,21.600000,24.558969,6.600000
0.220000, 0.740000,22.200000,24.287196,6.600000
0.220000, 0.760000,22.800000,23.991791,6.600000
0.220000, 0.780000,23.400000,23.672753,6.600000
0.220000, 0.800000,24.000000,23.330083,6.600000
0.220000, 0.820000,24.600000,22.963781,6.600000
0.220000, 0.840000,25.200000,22.573846,6.600000
0.220000, 0.860000,25.800000,22.160279,6.600000
0.220000, 0.880000,26.400000,21.723079,6.600000
0.220000, 0.900000,27.000000,21.262247,6.600000
0.220000, 0.920000,27.600000,20.777782,6.600000
0.220000, 0.940000,28.200000,20.269685,6.600000
0.220000, 0.960000,28.800000,19.737956,6.600000
0.220000, 0.980000,29.400000,19.182594,6.600000
0.220000, 1.000000,30.000000,18.603600,6.600000
0.240000, 0.000000,0.000000,18.830400,7.200000
0.240000, 0.020000,0.600000,19.444385,7.200000
0.240000, 0.040000,1.200000,20.033309,7.200000
0.240000, 0.060000,1.800000,20.597173,7.200000
0.240000, 0.080000,2.400000,21.135976,7.200000
0.240000, 0.100000,3.000000,21.649718,7.200000
0.240000, 0.120000,3.600000,22.138400,7.200000
0.240000, 0.140000,4.200000,22.602022,7.200000
0.240000, 0.160000,4.800000,23.040582,7.200000
0.240000, 0.180000,5.400000,23.454082,7.200000
0.240000, 0.200000,6.000000,23.842522,7.200000
0.240000, 0.220000,6.600000,24.205900,7.200000
0.240000, 0.240000,7.200000,24.544219,7.200000
0.240000, 0.260000,7.800000,24.857476,7.200000
0.240000, 0.280000,8.400000,25.145673,7.200000
0.240000, 0.300000,9.000000,25.408810,7.200000
0.240000, 0.320000,9.600000,25.646885,7.200000
0.240000, 0.340000,10.200000,25.859901,7.200000
0.240000, 0.360000,10.800000,26.047855,7.200000
0.240000, 0.380000,11.400000,26.210749,7.200000
0.240000, 0.400000,12.000000,26.348582,7.200000
0.240000, 0.420000,12.600000,26.461355,7.200000
0.240000, 0.440000,13.200000,26.549067,7.200000
0.240000, 0.460000,13.800000,26.611719,7.200000
0.240000, 0.480000,14.400000,26.649310,7.200000
0.240000, 0.500000,15.000000,26.661840,7.200000
0.240000, 0.520000,15.600000,26.649310,7.200000
0.240000, 0.540000,16.200000,26.611719,7.200000
0.240000, 0.560000,16.800000,26.549067,7.200000
0.240000, 0.580000,17.400000,26.461355,7.200000
0.240000, 0.600000,18.000000,26.348582,7.200000
0.240000, 0.620000,18.600000,26.210749,7.200000
0.240000, 0.640000,19.200000,26.047855,7.200000
0.240000, 0.660000,19.800000,25.859901,7.200000
0.240000, 0.680000,20.400000,25.646885,7.200000
0.240000, 0.700000,21.000000,25.408810,7.200000
0.240000, 0.720000,21.600000,25.145673,7.200000
0.240000, 0.740000,22.200000,24.857476,7.200000
0.240000, 0.760000,22.800000,24.544219,7.200000
0.240000, 0.780000,23.400000,24.205900,7.200000
0.240000, 0.800000,24.000000,23.842522,7.200000
0.240000, 0.820000,24.600000,23.454082,7.200000
0.240000, 0.840000,25.200000,23.040582,7.200000
0.240000, 0.860000,25.800000,22.602022,7.200000
0.240000, 0.880000,26.400000,22.138400,7.200000
0.240000, 0.900000,27.000000,21.649718,7.200000
0.240000, 0.920000,27.600000,21.135976,7.200000
0.240000, 0.940000,28.200000,20.597173,7.200000
0.240000, 0.960000,28.800000,20.033309,7.200000
0.240000, 0.980000,29.400000,19.444385,7.200000
0.240000, 1.000000,30.000000,18.830400,7.200000
0.260000, 0.000000,0.000000,19.040400,7.800000
0.260000, 0.020000,0.600000,19.688557,7.800000
0.260000, 0.040000,1.200000,20.310259,7.800000
0.260000, 0.060000,1.800000,20.905505,7.800000
0.260000, 0.080000,2.400000,21.474296,7.800000
0.260000, 0.100000,3.000000,22.016632,7.800000
0.260000, 0.120000,3.600000,22.532512,7.800000
0.260000, 0.140000,4.200000,23.021936,7.800000
0.260000, 0.160000,4.800000,23.484906,7.800000
0.260000, 0.180000,5.400000,23.921420,7.800000
0.260000, 0.200000,6.000000,24.331478,7.800000
0.260000, 0.220000,6.600000,24.715082,7.800000
0.260000, 0.240000,7.200000,25.072229,7.800000
0.260000, 0.260000,7.800000,25.402922,7.800000
0.260000, 0.280000,8.400000,25.707159,7.800000
0.260000, 0.300000,9.000000,25.984940,7.800000
0.260000, 0.320000,9.600000,26.236267,7.800000
0.260000, 0.340000,10.200000,26.461137,7.800000
0.260000, 0.360000,10.800000,26.659553,7.800000
0.260000, 0.380000,11.400000,26.831513,7.800000
0.260000, 0.400000,12.000000,26.977018,7.800000
0.260000, 0.420000,12.600000,27.096067,7.800000
0.260000, 0.440000,13.200000,27.188661,7.800000
0.260000, 0.460000,13.800000,27.254799,7.800000
0.260000, 0.480000,14.400000,27.294482,7.800000
0.260000, 0.500000,15.000000,27.307710,7.800000
0.260000, 0.520000,15.600000,27.294482,7.800000
0.260000, 0.540000,16.200000,27.254799,7.800000
0.260000, 0.560000,16.800000,27.188661,7.800000
0.260000, 0.580000,17.400000,27.096067,7.800000
0.260000, 0.600000,18.000000,26.977018,7.800000
0.260000, 0.620000,18.600000,26.831513,7.800000
0.260000, 0.640000,19.200000,26.659553,7.800000
0.260000, 0.660000,19.800000,26.461137,7.800000
0.260000, 0.680000,20.400000,26.236267,7.800000
0.260000, 0.700000,21.000000,25.984940,7.800000
0.260000, 0.720000,21.600000,25.707159,7.800000
0.260000, 0.740000,22.200000,25.402922,7.800000
0.260000, 0.760000,22.800000,25.072229,7.800000
0.260000, 0.780000,23.400000,24.715082,7.800000
0.260000, 0.800000,24.000000,24.331478,7.800000
0.260000, 0.820000,24.600000,23.921420,7.800000
0.260000, 0.840000,25.200000,23.484906,7.800000
0.260000, 0.860000,25.800000,23.021936,7.800000
0.260000, 0.880000,26.400000,22.532512,7.800000
0.260000, 0.900000,27.000000,22.016632,7.800000
0.260000, 0.920000,27.600000,21.474296,7.800000
0.260000, 0.940000,28.200000,20.905505,7.800000
0.260000, 0.960000,28.800000,20.310259,7.800000
0.260000, 0.980000,29.400000,19.688557,7.800000
0.260000, 1.000000,30.000000,19.040400,7.800000
0.280000, 0.000000,0.000000,19.233600,8.400000
0.280000, 0.020000,0.600000,19.914984,8.400000
0.280000, 0.040000,1.200000,20.568556,8.400000
0.280000, 0.060000,1.800000,21.194317,8.400000
0.280000, 0.080000,2.400000,21.792266,8.400000
0.280000, 0.100000,3.000000,22.362403,8.400000
0.280000, 0.120000,3.600000,22.904729,8.400000
0.280000, 0.140000,4.200000,23.419243,8.400000
0.280000, 0.160000,4.800000,23.905946,8.400000
0.280000, 0.180000,5.400000,24.364837,8.400000
0.280000, 0.200000,6.000000,24.795917,8.400000
0.280000, 0.220000,6.600000,25.199185,8.400000
0.280000, 0.240000,7.200000,25.574641,8.400000
0.280000, 0.260000,7.800000,25.922286,8.400000
0.280000, 0.280000,8.400000,26.242119,8.400000
0.280000, 0.300000,9.000000,26.534141,8.400000
0.280000, 0.320000,9.600000,26.798351,8.400000
0.280000, 0.340000,10.200000,27.034749,8.400000
0.280000, 0.360000,10.800000,27.243336,8.400000
0.280000, 0.380000,11.400000,27.424111,8.400000
0.280000, 0.400000,12.000000,27.577075,8.400000
0.280000, 0.420000,12.600000,27.702227,8.400000
0.280000, 0.440000,13.200000,27.799568,8.400000
0.280000, 0.460000,13.800000,27.869097,8.400000
0.280000, 0.480000,14.400000,27.910814,8.400000
0.280000, 0.500000,15.000000,27.924720,8.400000
0.280000, 0.520000,15.600000,27.910814,8.400000
0.280000, 0.540000,16.200000,27.869097,8.400000
0.280000, 0.560000,16.800000,27.799568,8.400000
0.280000, 0.580000,17.400000,27.702227,8.400000
0.280000, 0.600000,18.000000,27.577075,8.400000
0.280000, 0.620000,18.600000,27.424111,8.400000
0.280000, 0.640000,19.200000,27.243336,8.400000
0.280000, 0.660000,19.800000,27.034749,8.400000
0.280000, 0.680000,20.400000,26.798351,8.400000
0.280000, 0.700000,21.000000,26.534141,8.400000
0.280000, 0.720000,21.600000,26.242119,8.400000
0.280000, 0.740000,22.200000,25.922286,8.400000
0.280000, 0.760000,22.800000,25.574641,8.400000
0.280000, 0.780000,23.400000,25.199185,8.400000
0.280000, 0.800000,24.000000,24.795917,8.400000
0.280000, 0.820000,24.600000,24.364837,8.400000
0.280000, 0.840000,25.200000,23.905946,8.400000
0.280000, 0.860000,25.800000,23.419243,8.400000
0.280000, 0.880000,26.400000,22.904729,8.400000
0.280000, 0.900000,27.000000,22.362403,8.400000
0.280000, 0.920000,27.600000,21.792266,8.400000
0.280000, 0.940000,28.200000,21.194317,8.400000
0.280000, 0.960000,28.800000,20.568556,8.400000
0.280000, 0.980000,29.400000,19.914984,8.400000
0.280000, 1.000000,30.000000,19.233600,8.400000
0.300000, 0.000000,0.000000,19.410000,9.000000
0.300000, 0.020000,0.600000,20.123538,9.000000
0.300000, 0.040000,1.200000,20.807952,9.000000
0.300000, 0.060000,1.800000,21.463242,9.000000
0.300000, 0.080000,2.400000,22.089408,9.000000
0.300000, 0.100000,3.000000,22.686450,9.000000
0.300000, 0.120000,3.600000,23.254368,9.000000
0.300000, 0.140000,4.200000,23.793162,9.000000
0.300000, 0.160000,4.800000,24.302832,9.000000
0.300000, 0.180000,5.400000,24.783378,9.000000
0.300000, 0.200000,6.000000,25.234800,9.000000
0.300000, 0.220000,6.600000,25.657098,9.000000
0.300000, 0.240000,7.200000,26.050272,9.000000
0.300000, 0.260000,7.800000,26.414322,9.000000
0.300000, 0.280000,8.400000,26.749248,9.000000
0.300000, 0.300000,9.000000,27.055050,9.000000
0.300000, 0.320000,9.600000,27.331728,9.000000
0.300000, 0.340000,10.200000,27.579282,9.000000
0.300000, 0.360000,10.800000,27.797712,9.000000
0.300000, 0.380000,11.400000,27.987018,9.000000
0.300000, 0.400000,12.000000,28.147200,9.000000
0.300000, 0.420000,12.600000,28.278258,9.000000
0.300000, 0.440000,13.200000,28.380192,9.000000
0.300000, 0.460000,13.800000,28.453002,9.000000
0.300000, 0.480000,14.400000,28.496688,9.000000
0.300000, 0.500000,15.000000,28.511250,9.000000
0.300000, 0.520000,15.600000,28.496688,9.000000
0.300000, 0.540000,16.200000,28.453002,9.000000
0.300000, 0.560000,16.800000,28.380192,9.000000
0.300000, 0.580000,17.400000,28.278258,9.000000
0.300000, 0.600000,18.000000,28.147200,9.000000
0.300000, 0.620000,18.600000,27.987018,9.000000
0.300000, 0.640000,19.200000,27.797712,9.000000
0.300000, 0.660000,19.800000,27.579282,9.000000
0.300000, 0.680000,20.400000,27.331728,9.000000
0.300000, 0.700000,21.000000,27.055050,9.000000
0.300000, 0.720000,21.600000,26.749248,9.000000
0.300000, 0.740000,22.200000,26.414322,9.000000
0.300000, 0.760000,22.800000,26.050272,9.000000
0.300000, 0.780000,23.400000,25.657098,9.000000
0.300000, 0.800000,24.000000,25.234800,9.000000
0.300000, 0.820000,24.600000,24.783378,9.000000
0.300000, 0.840000,25.200000,24.302832,9.000000
0.300000, 0.860000,25.800000,23.793162,9.000000
0.300000, 0.880000,26.400000,23.254368,9.000000
0.300000, 0.900000,27.000000,22.686450,9.000000
0.300000, 0.920000,27.600000,22.089408,9.000000
0.300000, 0.940000,28.200000,21.463242,9.000000
0.300000, 0.960000,28.800000,20.807952,9.000000
0.300000, 0.980000,29.400000,20.123538,9.000000
0.300000, 1.000000,30.000000,19.410000,9.000000
0.320000, 0.000000,0.000000,19.569600,9.600000
0.320000, 0.020000,0.600000,20.314093,9.600000
0.320000, 0.040000,1.200000,21.028198,9.600000
0.320000, 0.060000,1.800000,21.711916,9.600000
0.320000, 0.080000,2.400000,22.365246,9.600000
0.320000, 0.100000,3.000000,22.988189,9.600000
0.320000, 0.120000,3.600000,23.580744,9.600000
0.320000, 0.140000,4.200000,24.142912,9.600000
0.320000, 0.160000,4.800000,24.674693,9.600000
0.320000, 0.180000,5.400000,25.176086,9.600000
0.320000, 0.200000,6.000000,25.647091,9.600000
0.320000, 0.220000,6.600000,26.087709,9.600000
0.320000, 0.240000,7.200000,26.497940,9.600000
0.320000, 0.260000,7.800000,26.877783,9.600000
0.320000, 0.280000,8.400000,27.227239,9.600000
0.320000, 0.300000,9.000000,27.546307,9.600000
0.320000, 0.320000,9.600000,27.834988,9.600000
0.320000, 0.340000,10.200000,28.093281,9.600000
0.320000, 0.360000,10.800000,28.321187,9.600000
0.320000, 0.380000,11.400000,28.518706,9.600000
0.320000, 0.400000,12.000000,28.685837,9.600000
0.320000, 0.420000,12.600000,28.822580,9.600000
0.320000, 0.440000,13.200000,28.928936,9.600000
0.320000, 0.460000,13.800000,29.004905,9.600000
0.320000, 0.480000,14.400000,29.050486,9.600000
0.320000, 0.500000,15.000000,29.065680,9.600000
0.320000, 0.520000,15.600000,29.050486,9.600000
0.320000, 0.540000,16.200000,29.004905,9.600000
0.320000, 0.560000,16.800000,28.928936,9.600000
0.320000, 0.580000,17.400000,28.822580,9.600000
0.320000, 0.600000,18.000000,28.685837,9.600000
0.320000, 0.620000,18.600000,28.518706,9.600000
0.320000, 0.640000,19.200000,28.321187,9.600000
0.320000, 0.660000,19.800000,28.093281,9.600000
0.320000, 0.680000,20.400000,27.834988,9.600000
0.320000, 0.700000,21.000000,27.546307,9.600000
0.320000, 0.720000,21.600000,27.227239,9.600000
0.320000, 0.740000,22.200000,26.877783,9.600000
0.320000, 0.760000,22.800000,26.497940,9.600000
0.320000, 0.780000,23.400000,26.087709,9.600000
0.320000, 0.800000,24.000000,25.647091,9.600000
0.320000, 0.820000,24.600000,25.176086,9.600000
0.320000, 0.840000,25.200000,24.674693,9.600000
0.320000, 0.860000,25.800000,24.142912,9.600000
0.320000, 0.880000,26.400000,23.580744,9.600000
0.320000, 0.900000,27.000000,22.988189,9.600000
0.320000, 0.920000,27.600000,22.365246,9.600000
0.320000, 0.940000,28.200000,21.711916,9.600000
0.320000, 0.960000,28.800000,21.028198,9.600000
0.320000, 0.980000,29.400000,20.314093,9.600000
0.320000, 1.000000,30.000000,19.569600,9.600000
0.340000, 0.000000,0.000000,19.712400,10.200000
0.340000, 0.020000,0.600000,20.486521,10.200000
0.340000, 0.040000,1.200000,21.229045,10.200000
0.340000, 0.060000,1.800000,21.939972,10.200000
0.340000, 0.080000,2.400000,22.619303,10.200000
0.340000, 0.100000,3.000000,23.267036,10.200000
0.340000, 0.120000,3.600000,23.883173,10.200000
0.340000, 0.140000,4.200000,24.467714,10.200000
0.340000, 0.160000,4.800000,25.020657,10.200000
0.340000, 0.180000,5.400000,25.542004,10.200000
0.340000, 0.200000,6.000000,26.031754,10.200000
0.340000, 0.220000,6.600000,26.489907,10.200000
0.340000, 0.240000,7.200000,26.916463,10.200000
0.340000, 0.260000,7.800000,27.311423,10.200000
0.340000, 0.280000,8.400000,27.674786,10.200000
0.340000, 0.300000,9.000000,28.006552,10.200000
0.340000, 0.320000,9.600000,28.306721,10.200000
0.340000, 0.340000,10.200000,28.575293,10.200000
0.340000, 0.360000,10.800000,28.812269,10.200000
0.340000, 0.380000,11.400000,29.017648,10.200000
0.340000, 0.400000,12.000000,29.191430,10.200000
0.340000, 0.420000,12.600000,29.333616,10.200000
0.340000, 0.440000,13.200000,29.444205,10.200000
0.340000, 0.460000,13.800000,29.523196,10.200000
0.340000, 0.480000,14.400000,29.570592,10.200000
0.340000, 0.500000,15.000000,29.586390,10.200000
0.340000, 0.520000,15.600000,29.570592,10.200000
0.340000, 0.540000,16.200000,29.523196,10.200000
0.340000, 0.560000,16.800000,29.444205,10.200000
0.340000, 0.580000,17.400000,29.333616,10.200000
0.340000, 0.600000,18.000000,29.191430,10.200000
0.340000, 0.620000,18.600000,29.017648,10.200000
0.340000, 0.640000,19.200000,28.812269,10.200000
0.340000, 0.660000,19.800000,28.575293,10.200000
0.340000, 0.680000,20.400000,28.306721,10.200000
0.340000, 0.700000,21.000000,28.006552,10.200000
0.340000, 0.720000,21.600000,27.674786,10.200000
0.340000, 0.740000,22.200000,27.311423,10.200000
0.340000, 0.760000,22.800000,26.916463,10.200000
0.340000, 0.780000,23.400000,26.489907,10.200000
0.340000, 0.800000,24.000000,26.031754,10.200000
0.340000, 0.820000,24.600000,25.542004,10.200000
0.340000, 0.840000,25.200000,25.020657,10.200000
0.340000, 0.860000,25.800000,24.467714,10.200000
0.340000, 0.880000,26.400000,23.883173,10.200000
0.340000, 0.900000,27.000000,23.267036,10.200000
0.340000, 0.920000,27.600000,22.619303,10.200000
0.340000, 0.940000,28.200000,21.939972,10.200000
0.340000, 0.960000,28.800000,21.229045,10.200000
0.340000, 0.980000,29.400000,20.486521,10.200000
0.340000, 1.000000,30.000000,19.712400,10.200000
0.360000, 0.000000,0.000000,19.838400,10.800000
0.360000, 0.020000,0.600000,20.640695,10.800000
0.360000, 0.040000,1.200000,21.410244,10.800000
0.360000, 0.060000,1.800000,22.147046,10.800000
0.360000, 0.080000,2.400000,22.851101,10.800000
0.360000, 0.100000,3.000000,23.522410,10.800000
0.360000, 0.120000,3.600000,24.160971,10.800000
0.360000, 0.140000,4.200000,24.766786,10.800000
0.360000, 0.160000,4.800000,25.339854,10.800000
0.360000, 0.180000,5.400000,25.880176,10.800000
0.360000, 0.200000,6.000000,26.387750,10.800000
0.360000, 0.220000,6.600000,26.862578,10.800000
0.360000, 0.240000,7.200000,27.304659,10.800000
0.360000, 0.260000,7.800000,27.713994,10.800000
0.360000, 0.280000,8.400000,28.090582,10.800000
0.360000, 0.300000,9.000000,28.434422,10.800000
0.360000, 0.320000,9.600000,28.745517,10.800000
0.360000, 0.340000,10.200000,29.023864,10.800000
0.360000, 0.360000,10.800000,29.269465,10.800000
0.360000, 0.380000,11.400000,29.482318,10.800000
0.360000, 0.400000,12.000000,29.662426,10.800000
0.360000, 0.420000,12.600000,29.809786,10.800000
0.360000, 0.440000,13.200000,29.924400,10.800000
0.360000, 0.460000,13.800000,30.006266,10.800000
0.360000, 0.480000,14.400000,30.055387,10.800000
0.360000, 0.500000,15.000000,30.071760,10.800000
0.360000, 0.520000,15.600000,30.055387,10.800000
0.360000, 0.540000,16.200000,30.006266,10.800000
0.360000, 0.560000,16.800000,29.924400,10.800000
0.360000, 0.580000,17.400000,29.809786,10.800000
0.360000, 0.600000,18.000000,29.662426,10.800000
0.360000, 0.620000,18.600000,29.482318,10.800000
0.360000, 0.640000,19.200000,29.269465,10.800000
0.360000, 0.660000,19.800000,29.023864,10.800000
0.360000, 0.680000,20.400000,28.745517,10.800000
0.360000, 0.700000,21.000000,28.434422,10.800000
0.360000, 0.720000,21.600000,28.090582,10.800000
0.360000, 0.740000,22.200000,27.713994,10.800000
0.360000, 0.760000,22.800000,27.304659,10.800000
0.360000, 0.780000,23.400000,26.862578,10.800000
0.360000, 0.800000,24.000000,26.387750,10.800000
0.360000, 0.820000,24.600000,25.880176,10.800000
0.360000, 0.840000,25.200000,25.339854,10.800000
0.360000, 0.860000,25.800000,24.766786,10.800000
0.360000, 0.880000,26.400000,24.160971,10.800000
0.360000, 0.900000,27.000000,23.522410,10.800000
0.360000, 0.920000,27.600000,22.851101,10.800000
0.360000, 0.940000,28.200000,22.147046,10.800000
0.360000, 0.960000,28.800000,21.410244,10.800000
0.360000, 0.980000,29.400000,20.640695,10.800000
0.360000, 1.000000,30.000000,19.838400,10.800000
0.380000, 0.000000,0.000000,19.947600,11.400000
0.380000, 0.020000,0.600000,20.776489,11.400000
0.380000, 0.040000,1.200000,21.571547,11.400000
0.380000, 0.060000,1.800000,22.332772,11.400000
0.380000, 0.080000,2.400000,23.060165,11.400000
0.380000, 0.100000,3.000000,23.753725,11.400000
0.380000, 0.120000,3.600000,24.413454,11.400000
0.380000, 0.140000,4.200000,25.039350,11.400000
0.380000, 0.160000,4.800000,25.631414,11.400000
0.380000, 0.180000,5.400000,26.189645,11.400000
0.380000, 0.200000,6.000000,26.714045,11.400000
0.380000, 0.220000,6.600000,27.204612,11.400000
0.380000, 0.240000,7.200000,27.661347,11.400000
0.380000, 0.260000,7.800000,28.084250,11.400000
0.380000, 0.280000,8.400000,28.473320,11.400000
0.380000, 0.300000,9.000000,28.828559,11.400000
0.380000, 0.320000,9.600000,29.149965,11.400000
0.380000, 0.340000,10.200000,29.437539,11.400000
0.380000, 0.360000,10.800000,29.691281,11.400000
0.380000, 0.380000,11.400000,29.911190,11.400000
0.380000, 0.400000,12.000000,30.097267,11.400000
0.380000, 0.420000,12.600000,30.249512,11.400000
0.380000, 0.440000,13.200000,30.367925,11.400000
0.380000, 0.460000,13.800000,30.452506,11.400000
0.380000, 0.480000,14.400000,30.503254,11.400000
0.380000, 0.500000,15.000000,30.520170,11.400000
0.380000, 0.520000,15.600000,30.503254,11.400000
0.380000, 0.540000,16.200000,30.452506,11.400000
0.380000, 0.560000,16.800000,30.367925,11.400000
0.380000, 0.580000,17.400000,30.249512,11.400000
0.380000, 0.600000,18.000000,30.097267,11.400000
0.380000, 0.620000,18.600000,29.911190,11.400000
0.380000, 0.640000,19.200000,29.691281,11.400000
0.380000, 0.660000,19.800000,29.437539,11.400000
0.380000, 0.680000,20.400000,29.149965,11.400000
0.380000, 0.700000,21.000000,28.828559,11.400000
0.380000, 0.720000,21.600000,28.473320,11.400000
0.380000, 0.740000,22.200000,28.084250,11.400000
0.380000, 0.760000,22.800000,27.661347,11.400000
0.380000, 0.780000,23.400000,27.204612,11.400000
0.380000, 0.800000,24.000000,26.714045,11.400000
0.380000, 0.820000,24.600000,26.189645,11.400000
0.380000, 0.840000,25.200000,25.631414,11.400000
0.380000, 0.860000,25.800000,25.039350,11.400000
0.380000, 0.880000,26.400000,24.413454,11.400000
0.380000, 0.900000,27.000000,23.753725,11.400000
0.380000, 0.920000,27.600000,23.060165,11.400000
0.380000, 0.940000,28.200000,22.332772,11.400000
0.380000, 0.960000,28.800000,21.571547,11.400000
0.380000, 0.980000,29.400000,20.776489,11.400000
0.380000, 1.000000,30.000000,19.947600,11.400000
0.400000, 0.000000,0.000000,20.040000,12.000000
0.400000, 0.020000,0.600000,20.893776,12.000000
0.400000, 0.040000,1.200000,21.712704,12.000000
0.400000, 0.060000,1.800000,22.496784,12.000000
0.400000, 0.080000,2.400000,23.246016,12.000000
0.400000, 0.100000,3.000000,23.960400,12.000000
0.400000, 0.120000,3.600000,24.639936,12.000000
0.400000, 0.140000,4.200000,25.284624,12.000000
0.400000, 0.160000,4.800000,25.894464,12.000000
0.400000, 0.180000,5.400000,26.469456,12.000000
0.400000, 0.200000,6.000000,27.009600,12.000000
0.400000, 0.220000,6.600000,27.514896,12.000000
0.400000, 0.240000,7.200000,27.985344,12.000000
0.400000, 0.260000,7.800000,28.420944,12.000000
0.400000, 0.280000,8.400000,28.821696,12.000000
0.400000, 0.300000,9.000000,29.187600,12.000000
0.400000, 0.320000,9.600000,29.518656,12.000000
0.400000, 0.340000,10.200000,29.814864,12.000000
0.400000, 0.360000,10.800000,30.076224,12.000000
0.400000, 0.380000,11.400000,30.302736,12.000000
0.400000, 0.400000,12.000000,30.494400,12.000000
0.400000, 0.420000,12.600000,30.651216,12.000000
0.400000, 0.440000,13.200000,30.773184,12.000000
0.400000, 0.460000,13.800000,30.860304,12.000000
0.400000, 0.480000,14.400000,30.912576,12.000000
0.400000, 0.500000,15.000000,30.930000,12.000000
0.400000, 0.520000,15.600000,30.912576,12.000000
0.400000, 0.540000,16.200000,30.860304,12.000000
0.400000, 0.560000,16.800000,30.773184,12.000000
0.400000, 0.580000,17.400000,30.651216,12.000000
0.400000, 0.600000,18.000000,30.494400,12.000000
0.400000, 0.620000,18.600000,30.302736,12.000000
0.400000, 0.640000,19.200000,30.076224,12.000000
0.400000, 0.660000,19.800000,29.814864,12.000000
0.400000, 0.680000,20.400000,29.518656,12.000000
0.400000, 0.700000,21.000000,29.187600,12.000000
0.400000, 0.720000,21.600000,28.821696,12.000000
0.400000, 0.740000,22.200000,28.420944,12.000000
0.400000, 0.760000,22.800000,27.985344,12.000000
0.400000, 0.780000,23.400000,27.514896,12.000000
0.400000, 0.800000,24.000000,27.009600,12.000000
0.400000, 0.820000,24.600000,26.469456,12.000000
0.400000, 0.840000,25.200000,25.894464,12.000000
0.400000, 0.860000,25.800000,25.284624,12.000000
0.400000, 0.880000,26.400000,24.639936,12.000000
0.400000, 0.900000,27.000000,23.960400,12.000000
0.400000, 0.920000,27.600000,23.246016,12.000000
0.400000, 0.940000,28.200000,22.496784,12.000000
0.400000, 0.960000,28.800000,21.712704,12.000000
0.400000, 0.980000,29.400000,20.893776,12.000000
0.400000, 1.000000,30.000000,20.040000,12.000000
0.420000, 0.000000,0.000000,20.115600,12.600000
0.420000, 0.020000,0.600000,20.992428,12.600000
0.420000, 0.040000,1.200000,21.833467,12.600000
0.420000, 0.060000,1.800000,22.638717,12.600000
0.420000, 0.080000,2.400000,23.408178,12.600000
0.420000, 0.100000,3.000000,24.141851,12.600000
0.420000, 0.120000,3.600000,24.839734,12.600000
0.420000, 0.140000,4.200000,25.501829,12.600000
0.420000, 0.160000,4.800000,26.128135,12.600000
0.420000, 0.180000,5.400000,26.718651,12.600000
0.420000, 0.200000,6.000000,27.273379,12.600000
0.420000, 0.220000,6.600000,27.792318,12.600000
0.420000, 0.240000,7.200000,28.275468,12.600000
0.420000, 0.260000,7.800000,28.722829,12.600000
0.420000, 0.280000,8.400000,29.134402,12.600000
0.420000, 0.300000,9.000000,29.510185,12.600000
0.420000, 0.320000,9.600000,29.850180,12.600000
0.420000, 0.340000,10.200000,30.154385,12.600000
0.420000, 0.360000,10.800000,30.422802,12.600000
0.420000, 0.380000,11.400000,30.655430,12.600000
0.420000, 0.400000,12.000000,30.852269,12.600000
0.420000, 0.420000,12.600000,31.013319,12.600000
0.420000, 0.440000,13.200000,31.138580,12.600000
0.420000, 0.460000,13.800000,31.228052,12.600000
0.420000, 0.480000,14.400000,31.281736,12.600000
0.420000, 0.500000,15.000000,31.299630,12.600000
0.420000, 0.520000,15.600000,31.281736,12.600000
0.420000, 0.540000,16.200000,31.228052,12.600000
0.420000, 0.560000,16.800000,31.138580,12.600000
0.420000, 0.580000,17.400000,31.013319,12.600000
0.420000, 0.600000,18.000000,30.852269,12.600000
0.420000, 0.620000,18.600000,30.655430,12.600000
0.420000, 0.640000,19.200000,30.422802,12.600000
0.420000, 0.660000,19.800000,30.154385,12.600000
0.420000, 0.680000,20.400000,29.850180,12.600000
0.420000, 0.700000,21.000000,29.510185,12.600000
0.420000, 0.720000,21.600000,29.134402,12.600000
0.420000, 0.740000,22.200000,28.722829,12.600000
0.420000, 0.760000,22.800000,28.275468,12.600000
0.420000, 0.780000,23.400000,27.792318,12.600000
0.420000, 0.800000,24.000000,27.273379,12.600000
0.420000, 0.820000,24.600000,26.718651,12.600000
0.420000, 0.840000,25.200000,26.128135,12.600000
0.420000, 0.860000,25.800000,25.501829,12.600000
0.420000, 0.880000,26.400000,24.839734,12.600000
0.420000, 0.900000,27.000000,24.141851,12.600000
0.420000, 0.920000,27.600000,23.408178,12.600000
0.420000, 0.940000,28.200000,22.638717,12.600000
0.420000, 0.960000,28.800000,21.833467,12.600000
0.420000, 0.980000,29.400000,20.992428,12.600000
0.420000, 1.000000,30.000000,20.115600,12.600000
0.440000, 0.000000,0.000000,20.174400,13.200000
0.440000, 0.020000,0.600000,21.072318,13.200000
0.440000, 0.040000,1.200000,21.933587,13.200000
0.440000, 0.060000,1.800000,22.758206,13.200000
0.440000, 0.080000,2.400000,23.546175,13.200000
0.440000, 0.100000,3.000000,24.297494,13.200000
0.440000, 0.120000,3.600000,25.012164,13.200000
0.440000, 0.140000,4.200000,25.690184,13.200000
0.440000, 0.160000,4.800000,26.331554,13.200000
0.440000, 0.180000,5.400000,26.936275,13.200000
0.440000, 0.200000,6.000000,27.504346,13.200000
0.440000, 0.220000,6.600000,28.035767,13.200000
0.440000, 0.240000,7.200000,28.530538,13.200000
0.440000, 0.260000,7.800000,28.988660,13.200000
0.440000, 0.280000,8.400000,29.410131,13.200000
0.440000, 0.300000,9.000000,29.794954,13.200000
0.440000, 0.320000,9.600000,30.143126,13.200000
0.440000, 0.340000,10.200000,30.454649,13.200000
0.440000, 0.360000,10.800000,30.729522,13.200000
0.440000, 0.380000,11.400000,30.967745,13.200000
0.440000, 0.400000,12.000000,31.169318,13.200000
0.440000, 0.420000,12.600000,31.334242,13.200000
0.440000, 0.440000,13.200000,31.462516,13.200000
0.440000, 0.460000,13.800000,31.554141,13.200000
0.440000, 0.480000,14.400000,31.609115,13.200000
0.440000, 0.500000,15.000000,31.627440,13.200000
0.440000, 0.520000,15.600000,31.609115,13.200000
0.440000, 0.540000,16.200000,31.554141,13.200000
0.440000, 0.560000,16.800000,31.462516,13.200000
0.440000, 0.580000,17.400000,31.334242,13.200000
0.440000, 0.600000,18.000000,31.169318,13.200000
0.440000, 0.620000,18.600000,30.967745,13.200000
0.440000, 0.640000,19.200000,30.729522,13.200000
0.440000, 0.660000,19.800000,30.454649,13.200000
0.440000, 0.680000,20.400000,30.143126,13.200000
0.440000, 0.700000,21.000000,29.794954,13.200000
0.440000, 0.720000,21.600000,29.410131,13.200000
0.440000, 0.740000,22.200000,28.988660,13.200000
0.440000, 0.760000,22.800000,28.530538,13.200000
0.440000, 0.780000,23.400000,28.035767,13.200000
0.440000, 0.800000,24.000000,27.504346,13.200000
0.440000, 0.820000,24.600000,26.936275,13.200000
0.440000, 0.840000,25.200000,26.331554,13.200000
0.440000, 0.860000,25.800000,25.690184,13.200000
0.440000, 0.880000,26.400000,25.012164,13.200000
0.440000, 0.900000,27.000000,24.297494,13.200000
0.440000, 0.920000,27.600000,23.546175,13.200000
0.440000, 0.940000,28.200000,22.758206,13.200000
0.440000, 0.960000,28.800000,21.933587,13.200000
0.440000, 0.980000,29.400000,21.072318,13.200000
0.440000, 1.000000,30.000000,20.174400,13.200000
0.460000, 0.000000,0.000000,20.216400,13.800000
0.460000, 0.020000,0.600000,21.133320,13.800000
0.460000, 0.040000,1.200000,22.012815,13.800000
0.460000, 0.060000,1.800000,22.854884,13.800000
0.460000, 0.080000,2.400000,23.659529,13.800000
0.460000, 0.100000,3.000000,24.426748,13.800000
0.460000, 0.120000,3.600000,25.156541,13.800000
0.460000, 0.140000,4.200000,25.848909,13.800000
0.460000, 0.160000,4.800000,26.503852,13.800000
0.460000, 0.180000,5.400000,27.121370,13.800000
0.460000, 0.200000,6.000000,27.701462,13.800000
0.460000, 0.220000,6.600000,28.244129,13.800000
0.460000, 0.240000,7.200000,28.749371,13.800000
0.460000, 0.260000,7.800000,29.217188,13.800000
0.460000, 0.280000,8.400000,29.647579,13.800000
0.460000, 0.300000,9.000000,30.040544,13.800000
0.460000, 0.320000,9.600000,30.396085,13.800000
0.460000, 0.340000,10.200000,30.714200,13.800000
0.460000, 0.360000,10.800000,30.994890,13.800000
0.460000, 0.380000,11.400000,31.238154,13.800000
0.460000, 0.400000,12.000000,31.443994,13.800000
0.460000, 0.420000,12.600000,31.612408,13.800000
0.460000, 0.440000,13.200000,31.743396,13.800000
0.460000, 0.460000,13.800000,31.836959,13.800000
0.460000, 0.480000,14.400000,31.893097,13.800000
0.460000, 0.500000,15.000000,31.911810,13.800000
0.460000, 0.520000,15.600000,31.893097,13.800000
0.460000, 0.540000,16.200000,31.836959,13.800000
0.460000, 0.560000,16.800000,31.743396,13.800000
0.460000, 0.580000,17.400000,31.612408,13.800000
0.460000, 0.600000,18.000000,31.443994,13.800000
0.460000, 0.620000,18.600000,31.238154,13.800000
0.460000, 0.640000,19.200000,30.994890,13.800000
0.460000, 0.660000,19.800000,30.714200,13.800000
0.460000, 0.680000,20.400000,30.396085,13.800000
0.460000, 0.700000,21.000000,30.040544,13.800000
0.460000, 0.720000,21.600000,29.647579,13.800000
0.460000, 0.740000,22.200000,29.217188,13.800000
0.460000, 0.760000,22.800000,28.749371,13.800000
0.460000, 0.780000,23.400000,28.244129,13.800000
0.460000, 0.800000,24.000000,27.701462,13.800000
0.460000, 0.820000,24.600000,27.121370,13.800000
0.460000, 0.840000,25.200000,26.503852,13.800000
0.460000, 0.860000,25.800000,25.848909,13.800000
0.460000, 0.880000,26.400000,25.156541,13.800000
0.460000, 0.900000,27.000000,24.426748,13.800000
0.460000, 0.920000,27.600000,23.659529,13.800000
0.460000, 0.940000,28.200000,22.854884,13.800000
0.460000, 0.960000,28.800000,22.012815,13.800000
0.460000, 0.980000,29.400000,21.133320,13.800000
0.460000, 1.000000,30.000000,20.216400,13.800000
0.480000, 0.000000,0.000000,20.241600,14.400000
0.480000, 0.020000,0.600000,21.175306,14.400000
0.480000, 0.040000,1.200000,22.070902,14.400000
0.480000, 0.060000,1.800000,22.928388,14.400000
0.480000, 0.080000,2.400000,23.747763,14.400000
0.480000, 0.100000,3.000000,24.529027,14.400000
0.480000, 0.120000,3.600000,25.272181,14.400000
0.480000, 0.140000,4.200000,25.977225,14.400000
0.480000, 0.160000,4.800000,26.644158,14.400000
0.480000, 0.180000,5.400000,27.272981,14.400000
0.480000, 0.200000,6.000000,27.863693,14.400000
0.480000, 0.220000,6.600000,28.416295,14.400000
0.480000, 0.240000,7.200000,28.930786,14.400000
0.480000, 0.260000,7.800000,29.407167,14.400000
0.480000, 0.280000,8.400000,29.845437,14.400000
0.480000, 0.300000,9.000000,30.245597,14.400000
0.480000, 0.320000,9.600000,30.607646,14.400000
0.480000, 0.340000,10.200000,30.931585,14.400000
0.480000, 0.360000,10.800000,31.217414,14.400000
0.480000, 0.380000,11.400000,31.465132,14.400000
0.480000, 0.400000,12.000000,31.674739,14.400000
0.480000, 0.420000,12.600000,31.846236,14.400000
0.480000, 0.440000,13.200000,31.979623,14.400000
0.480000, 0.460000,13.800000,32.074899,14.400000
0.480000, 0.480000,14.400000,32.132065,14.400000
0.480000, 0.500000,15.000000,32.151120,14.400000
0.480000, 0.520000,15.600000,32.132065,14.400000
0.480000, 0.540000,16.200000,32.074899,14.400000
0.480000, 0.560000,16.800000,31.979623,14.400000
0.480000, 0.580000,17.400000,31.846236,14.400000
0.480000, 0.600000,18.000000,31.674739,14.400000
0.480000, 0.620000,18.600000,31.465132,14.400000
0.480000, 0.640000,19.200000,31.217414,14.400000
0.480000, 0.660000,19.800000,30.931585,14.400000
0.480000, 0.680000,20.400000,30.607646,14.400000
0.480000, 0.700000,21.000000,30.245597,14.400000
0.480000, 0.720000,21.600000,29.845437,14.400000
0.480000, 0.740000,22.200000,29.407167,14.400000
0.480000, 0.760000,22.800000,28.930786,14.400000
0.480000, 0.780000,23.400000,28.416295,14.400000
0.480000, 0.800000,24.000000,27.863693,14.400000
0.480000, 0.820000,24.600000,27.272981,14.400000
0.480000, 0.840000,25.200000,26.644158,14.400000
0.480000, 0.860000,25.800000,25.977225,14.400000
0.480000, 0.880000,26.400000,25.272181,14.400000
0.480000, 0.900000,27.000000,24.529027,14.400000
0.480000, 0.920000,27.600000,23.747763,14.400000
0.480000, 0.940000,28.200000,22.928388,14.400000
0.480000, 0.960000,28.800000,22.070902,14.400000
0.480000, 0.980000,29.400000,21.175306,14.400000
0.480000, 1.000000,30.000000,20.241600,14.400000
0.500000, 0.000000,0.000000,20.250000,15.000000
0.500000, 0.020000,0.600000,21.198150,15.000000
0.500000, 0.040000,1.200000,22.107600,15.000000
0.500000, 0.060000,1.800000,22.978350,15.000000
0.500000, 0.080000,2.400000,23.810400,15.000000
0.500000, 0.100000,3.000000,24.603750,15.000000
0.500000, 0.120000,3.600000,25.358400,15.000000
0.500000, 0.140000,4.200000,26.074350,15.000000
0.500000, 0.160000,4.800000,26.751600,15.000000
0.500000, 0.180000,5.400000,27.390150,15.000000
0.500000, 0.200000,6.000000,27.990000,15.000000
0.500000, 0.220000,6.600000,28.551150,15.000000
0.500000, 0.240000,7.200000,29.073600,15.000000
0.500000, 0.260000,7.800000,29.557350,15.000000
0.500000, 0.280000,8.400000,30.002400,15.000000
0.500000, 0.300000,9.000000,30.408750,15.000000
0.500000, 0.320000,9.600000,30.776400,15.000000
0.500000, 0.340000,10.200000,31.105350,15.000000
0.500000, 0.360000,10.800000,31.395600,15.000000
0.500000, 0.380000,11.400000,31.647150,15.000000
0.500000, 0.400000,12.000000,31.860000,15.000000
0.500000, 0.420000,12.600000,32.034150,15.000000
0.500000, 0.440000,13.200000,32.169600,15.000000
0.500000, 0.460000,13.800000,32.266350,15.000000
0.500000, 0.480000,14.400000,32.324400,15.000000
0.500000, 0.500000,15.000000,32.343750,15.000000
0.500000, 0.520000,15.600000,32.324400,15.000000
0.500000, 0.540000,16.200000,32.266350,15.000000
0.500000, 0.560000,16.800000,32.169600,15.000000
0.500000, 0.580000,17.400000,32.034150,15.000000
0.500000, 0.600000,18.000000,31.860000,15.000000
0.500000, 0.620000,18.600000,31.647150,15.000000
0.500000, 0.640000,19.200000,31.395600,15.000000
0.500000, 0.660000,19.800000,31.105350,15.000000
0.500000, 0.680000,20.400000,30.776400,15.000000
0.500000, 0.700000,21.000000,30.408750,15.000000
0.500000, 0.720000,21.600000,30.002400,15.000000
0.500000, 0.740000,22.200000,29.557350,15.000000
0.500000, 0.760000,22.800000,29.073600,15.000000
0.500000, 0.780000,23.400000,28.551150,15.000000
0.500000, 0.800000,24.000000,27.990000,15.000000
0.500000, 0.820000,24.600000,27.390150,15.000000
0.500000, 0.840000,25.200000,26.751600,15.000000
0.500000, 0.860000,25.800000,26.074350,15.000000
0.500000, 0.880000,26.400000,25.358400,15.000000
0.500000, 0.900000,27.000000,24.603750,15.000000
0.500000, 0.920000,27.600000,23.810400,15.000000
0.500000, 0.940000,28.200000,22.978350,15.000000
0.500000, 0.960000,28.800000,22.107600,15.000000
0.500000, 0.980000,29.400000,21.198150,15.000000
0.500000, 1.000000,30.000000,20.250000,15.000000
0.520000, 0.000000,0.000000,20.241600,15.600000
0.520000, 0.020000,0.600000,21.201724,15.600000
0.520000, 0.040000,1.200000,22.122659,15.600000
0.520000, 0.060000,1.800000,23.004406,15.600000
0.520000, 0.080000,2.400000,23.846964,15.600000
0.520000, 0.100000,3.000000,24.650333,15.600000
0.520000, 0.120000,3.600000,25.414513,15.600000
0.520000, 0.140000,4.200000,26.139505,15.600000
0.520000, 0.160000,4.800000,26.825308,15.600000
0.520000, 0.180000,5.400000,27.471922,15.600000
0.520000, 0.200000,6.000000,28.079347,15.600000
0.520000, 0.220000,6.600000,28.647584,15.600000
0.520000, 0.240000,7.200000,29.176632,15.600000
0.520000, 0.260000,7.800000,29.666491,15.600000
0.520000, 0.280000,8.400000,30.117161,15.600000
0.520000, 0.300000,9.000000,30.528643,15.600000
0.520000, 0.320000,9.600000,30.900936,15.600000
0.520000, 0.340000,10.200000,31.234040,15.600000
0.520000, 0.360000,10.800000,31.527956,15.600000
0.520000, 0.380000,11.400000,31.782683,15.600000
0.520000, 0.400000,12.000000,31.998221,15.600000
0.520000, 0.420000,12.600000,32.174570,15.600000
0.520000, 0.440000,13.200000,32.311731,15.600000
0.520000, 0.460000,13.800000,32.409703,15.600000
0.520000, 0.480000,14.400000,32.468486,15.600000
0.520000, 0.500000,15.000000,32.488080,15.600000
0.520000, 0.520000,15.600000,32.468486,15.600000
0.520000, 0.540000,16.200000,32.409703,15.600000
0.520000, 0.560000,16.800000,32.311731,15.600000
0.520000, 0.580000,17.400000,32.174570,15.600000
0.520000, 0.600000,18.000000,31.998221,15.600000
0.520000, 0.620000,18.600000,31.782683,15.600000
0.520000, 0.640000,19.200000,31.527956,15.600000
0.520000, 0.660000,19.800000,31.234040,15.600000
0.520000, 0.680000,20.400000,30.900936,15.600000
0.520000, 0.700000,21.000000,30.528643,15.600000
0.520000, 0.720000,21.600000,30.117161,15.600000
0.520000, 0.740000,22.200000,29.666491,15.600000
0.520000, 0.760000,22.800000,29.176632,15.600000
0.520000, 0.780000,23.400000,28.647584,15.600000
0.520000, 0.800000,24.000000,28.079347,15.600000
0.520000, 0.820000,24.600000,27.471922,15.600000
0.520000, 0.840000,25.200000,26.825308,15.600000
0.520000, 0.860000,25.800000,26.139505,15.600000
0.520000, 0.880000,26.400000,25.414513,15.600000
0.520000, 0.900000,27.000000,24.650333,15.600000
0.520000, 0.920000,27.600000,23.846964,15.600000
0.520000, 0.940000,28.200000,23.004406,15.600000
0.520000, 0.960000,28.800000,22.122659,15.600000
0.520000, 0.980000,29.400000,21.201724,15.600000
0.520000, 1.000000,30.000000,20.241600,15.600000
0.540000, 0.000000,0.000000,20.216400,16.200000
0.540000, 0.020000,0.600000,21.185901,16.200000
0.540000, 0.040000,1.200000,22.115831,16.200000
0.540000, 0.060000,1.800000,23.006190,16.200000
0.540000, 0.080000,2.400000,23.856977,16.200000
0.540000, 0.100000,3.000000,24.668192,16.200000
0.540000, 0.120000,3.600000,25.439836,16.200000
0.540000, 0.140000,4.200000,26.171909,16.200000
0.540000, 0.160000,4.800000,26.864410,16.200000
0.540000, 0.180000,5.400000,27.517340,16.200000
0.540000, 0.200000,6.000000,28.130698,16.200000
0.540000, 0.220000,6.600000,28.704484,16.200000
0.540000, 0.240000,7.200000,29.238699,16.200000
0.540000, 0.260000,7.800000,29.733343,16.200000
0.540000, 0.280000,8.400000,30.188415,16.200000
0.540000, 0.300000,9.000000,30.603916,16.200000
0.540000, 0.320000,9.600000,30.979845,16.200000
0.540000, 0.340000,10.200000,31.316202,16.200000
0.540000, 0.360000,10.800000,31.612989,16.200000
0.540000, 0.380000,11.400000,31.870203,16.200000
0.540000, 0.400000,12.000000,32.087846,16.200000
0.540000, 0.420000,12.600000,32.265918,16.200000
0.540000, 0.440000,13.200000,32.404418,16.200000
0.540000, 0.460000,13.800000,32.503347,16.200000
0.540000, 0.480000,14.400000,32.562704,16.200000
0.540000, 0.500000,15.000000,32.582490,16.200000
0.540000, 0.520000,15.600000,32.562704,16.200000
0.540000, 0.540000,16.200000,32.503347,16.200000
0.540000, 0.560000,16.800000,32.404418,16.200000
0.540000, 0.580000,17.400000,32.265918,16.200000
0.540000, 0.600000,18.000000,32.087846,16.200000
0.540000, 0.620000,18.600000,31.870203,16.200000
0.540000, 0.640000,19.200000,31.612989,16.200000
0.540000, 0.660000,19.800000,31.316202,16.200000
0.540000, 0.680000,20.400000,30.979845,16.200000
0.540000, 0.700000,21.000000,30.603916,16.200000
0.540000, 0.720000,21.600000,30.188415,16.200000
0.540000, 0.740000,22.200000,29.733343,16.200000
0.540000, 0.760000,22.800000,29.238699,16.200000
0.540000, 0.780000,23.400000,28.704484,16.200000
0.540000, 0.800000,24.000000,28.130698,16.200000
0.540000, 0.820000,24.600000,27.517340,16.200000
0.540000, 0.840000,25.200000,26.864410,16.200000
0.540000, 0.860000,25.800000,26.171909,16.200000
0.540000, 0.880000,26.400000,25.439836,16.200000
0.540000, 0.900000,27.000000,24.668192,16.200000
0.540000, 0.920000,27.600000,23.856977,16.200000
0.540000, 0.940000,28.200000,23.006190,16.200000
0.540000, 0.960000,28.800000,22.115831,16.200000
0.540000, 0.980000,29.400000,21.185901,16.200000
0.540000, 1.000000,30.000000,20.216400,16.200000
0.560000, 0.000000,0.000000,20.174400,16.800000
0.560000, 0.020000,0.600000,21.150555,16.800000
0.560000, 0.040000,1.200000,22.086867,16.800000
0.560000, 0.060000,1.800000,22.983337,16.800000
0.560000, 0.080000,2.400000,23.839963,16.800000
0.560000, 0.100000,3.000000,24.656746,16.800000
0.560000, 0.120000,3.600000,25.433686,16.800000
0.560000, 0.140000,4.200000,26.170782,16.800000
0.560000, 0.160000,4.800000,26.868036,16.800000
0.560000, 0.180000,5.400000,27.525447,16.800000
0.560000, 0.200000,6.000000,28.143014,16.800000
0.560000, 0.220000,6.600000,28.720739,16.800000
0.560000, 0.240000,7.200000,29.258620,16.800000
0.560000, 0.260000,7.800000,29.756659,16.800000
0.560000, 0.280000,8.400000,30.214854,16.800000
0.560000, 0.300000,9.000000,30.633206,16.800000
0.560000, 0.320000,9.600000,31.011716,16.800000
0.560000, 0.340000,10.200000,31.350382,16.800000
0.560000, 0.360000,10.800000,31.649205,16.800000
0.560000, 0.380000,11.400000,31.908185,16.800000
0.560000, 0.400000,12.000000,32.127322,16.800000
0.560000, 0.420000,12.600000,32.306615,16.800000
0.560000, 0.440000,13.200000,32.446066,16.800000
0.560000, 0.460000,13.800000,32.545674,16.800000
0.560000, 0.480000,14.400000,32.605438,16.800000
0.560000, 0.500000,15.000000,32.625360,16.800000
0.560000, 0.520000,15.600000,32.605438,16.800000
0.560000, 0.540000,16.200000,32.545674,16.800000
0.560000, 0.560000,16.800000,32.446066,16.800000
0.560000, 0.580000,17.400000,32.306615,16.800000
0.560000, 0.600000,18.000000,32.127322,16.800000
0.560000, 0.620000,18.600000,31.908185,16.800000
0.560000, 0.640000,19.200000,31.649205,16.800000
0.560000, 0.660000,19.800000,31.350382,16.800000
0.560000, 0.680000,20.400000,31.011716,16.800000
0.560000, 0.700000,21.000000,30.633206,16.800000
0.560000, 0.720000,21.600000,30.214854,16.800000
0.560000, 0.740000,22.200000,29.756659,16.800000
0.560000, 0.760000,22.800000,29.258620,16.800000
0.560000, 0.780000,23.400000,28.720739,16.800000
0.560000, 0.800000,24.000000,28.143014,16.800000
0.560000, 0.820000,24.600000,27.525447,16.800000
0.560000, 0.840000,25.200000,26.868036,16.800000
0.560000, 0.860000,25.800000,26.170782,16.800000
0.560000, 0.880000,26.400000,25.433686,16.800000
0.560000, 0.900000,27.000000,24.656746,16.800000
0.560000, 0.920000,27.600000,23.839963,16.800000
0.560000, 0.940000,28.200000,22.983337,16.800000
0.560000, 0.960000,28.800000,22.086867,16.800000
0.560000, 0.980000,29.400000,21.150555,16.800000
0.560000, 1.000000,30.000000,20.174400,16.800000
0.580000, 0.000000,0.000000,20.115600,17.400000
0.580000, 0.020000,0.600000,21.095558,17.400000
0.580000, 0.040000,1.200000,22.035519,17.400000
0.580000, 0.060000,1.800000,22.935480,17.400000
0.580000, 0.080000,2.400000,23.795444,17.400000
0.580000, 0.100000,3.000000,24.615409,17.400000
0.580000, 0.120000,3.600000,25.395376,17.400000
0.580000, 0.140000,4.200000,26.135345,17.400000
0.580000, 0.160000,4.800000,26.835315,17.400000
0.580000, 0.180000,5.400000,27.495287,17.400000
0.580000, 0.200000,6.000000,28.115261,17.400000
0.580000, 0.220000,6.600000,28.695236,17.400000
0.580000, 0.240000,7.200000,29.235213,17.400000
0.580000, 0.260000,7.800000,29.735192,17.400000
0.580000, 0.280000,8.400000,30.195173,17.400000
0.580000, 0.300000,9.000000,30.615155,17.400000
0.580000, 0.320000,9.600000,30.995139,17.400000
0.580000, 0.340000,10.200000,31.335124,17.400000
0.580000, 0.360000,10.800000,31.635112,17.400000
0.580000, 0.380000,11.400000,31.895101,17.400000
0.580000, 0.400000,12.000000,32.115091,17.400000
0.580000, 0.420000,12.600000,32.295084,17.400000
0.580000, 0.440000,13.200000,32.435078,17.400000
0.580000, 0.460000,13.800000,32.535073,17.400000
0.580000, 0.480000,14.400000,32.595071,17.400000
0.580000, 0.500000,15.000000,32.615070,17.400000
0.580000, 0.520000,15.600000,32.595071,17.400000
0.580000, 0.540000,16.200000,32.535073,17.400000
0.580000, 0.560000,16.800000,32.435078,17.400000
0.580000, 0.580000,17.400000,32.295084,17.400000
0.580000, 0.600000,18.000000,32.115091,17.400000
0.580000, 0.620000,18.600000,31.895101,17.400000
0.580000, 0.640000,19.200000,31.635112,17.400000
0.580000, 0.660000,19.800000,31.335124,17.400000
0.580000, 0.680000,20.400000,30.995139,17.400000
0.580000, 0.700000,21.000000,30.615155,17.400000
0.580000, 0.720000,21.600000,30.195173,17.400000
0.580000, 0.740000,22.200000,29.735192,17.400000
0.580000, 0.760000,22.800000,29.235213,17.400000
0.580000, 0.780000,23.400000,28.695236,17.400000
0.580000, 0.800000,24.000000,28.115261,17.400000
0.580000, 0.820000,24.600000,27.495287,17.400000
0.580000, 0.840000,25.200000,26.835315,17.400000
0.580000, 0.860000,25.800000,26.135345,17.400000
0.580000, 0.880000,26.400000,25.395376,17.400000
0.580000, 0.900000,27.000000,24.615409,17.400000
0.580000, 0.920000,27.600000,23.795444,17.400000
0.580000, 0.940000,28.200000,22.935480,17.400000
0.580000, 0.960000,28.800000,22.035519,17.400000
0.580000, 0.980000,29.400000,21.095558,17.400000
0.580000, 1.000000,30.000000,20.115600,17.400000
0.600000, 0.000000,0.000000,20.040000,18.000000
0.600000, 0.020000,0.600000,21.020784,18.000000
0.600000, 0.040000,1.200000,21.961536,18.000000
0.600000, 0.060000,1.800000,22.862256,18.000000
0.600000, 0.080000,2.400000,23.722944,18.000000
0.600000, 0.100000,3.000000,24.543600,18.000000
0.600000, 0.120000,3.600000,25.324224,18.000000
0.600000, 0.140000,4.200000,26.064816,18.000000
0.600000, 0.160000,4.800000,26.765376,18.000000
0.600000, 0.180000,5.400000,27.425904,18.000000
0.600000, 0.200000,6.000000,28.046400,18.000000
0.600000, 0.220000,6.600000,28.626864,18.000000
0.600000, 0.240000,7.200000,29.167296,18.000000
0.600000, 0.260000,7.800000,29.667696,18.000000
0.600000, 0.280000,8.400000,30.128064,18.000000
0.600000, 0.300000,9.000000,30.548400,18.000000
0.600000, 0.320000,9.600000,30.928704,18.000000
0.600000, 0.340000,10.200000,31.268976,18.000000
0.600000, 0.360000,10.800000,31.569216,18.000000
0.600000, 0.380000,11.400000,31.829424,18.000000
0.600000, 0.400000,12.000000,32.049600,18.000000
0.600000, 0.420000,12.600000,32.229744,18.000000
0.600000, 0.440000,13.200000,32.369856,18.000000
0.600000, 0.460000,13.800000,32.469936,18.000000
0.600000, 0.480000,14.400000,32.529984,18.000000
0.600000, 0.500000,15.000000,32.550000,18.000000
0.600000, 0.520000,15.600000,32.529984,18.000000
0.600000, 0.540000,16.200000,32.469936,18.000000
0.600000, 0.560000,16.800000,32.369856,18.000000
0.600000, 0.580000,17.400000,32.229744,18.000000
0.600000, 0.600000,18.000000,32.049600,18.000000
0.600000, 0.620000,18.600000,31.829424,18.000000
0.600000, 0.640000,19.200000,31.569216,18.000000
0.600000, 0.660000,19.800000,31.268976,18.000000
0.600000, 0.680000,20.400000,30.928704,18.000000
0.600000, 0.700000,21.000000,30.548400,18.000000
0.600000, 0.720000,21.600000,30.128064,18.000000
0.600000, 0.740000,22.200000,29.667696,18.000000
0.600000, 0.760000,22.800000,29.167296,18.000000
0.600000, 0.780000,23.400000,28.626864,18.000000
0.600000, 0.800000,24.000000,28.046400,18.000000
0.600000, 0.820000,24.600000,27.425904,18.000000
0.600000, 0.840000,25.200000,26.765376,18.000000
0.600000, 0.860000,25.800000,26.064816,18.000000
0.600000, 0.880000,26.400000,25.324224,18.000000
0.600000, 0.900000,27.000000,24.543600,18.000000
0.600000, 0.920000,27.600000,23.722944,18.000000
0.600000, 0.940000,28.200000,22.862256,18.000000
0.600000, 0.960000,28.800000,21.961536,18.000000
0.600000, 0.980000,29.400000,21.020784,18.000000
0.600000, 1.000000,30.000000,20.040000,18.000000
0.620000, 0.000000,0.000000,19.947600,18.600000
0.620000, 0.020000,0.600000,20.926105,18.600000
0.620000, 0.040000,1.200000,21.864671,18.600000
0.620000, 0.060000,1.800000,22.763298,18.600000
0.620000, 0.080000,2.400000,23.621986,18.600000
0.620000, 0.100000,3.000000,24.440735,18.600000
0.620000, 0.120000,3.600000,25.219545,18.600000
0.620000, 0.140000,4.200000,25.958416,18.600000
0.620000, 0.160000,4.800000,26.657348,18.600000
0.620000, 0.180000,5.400000,27.316341,18.600000
0.620000, 0.200000,6.000000,27.935395,18.600000
0.620000, 0.220000,6.600000,28.514510,18.600000
0.620000, 0.240000,7.200000,29.053687,18.600000
0.620000, 0.260000,7.800000,29.552924,18.600000
0.620000, 0.280000,8.400000,30.012222,18.600000
0.620000, 0.300000,9.000000,30.431581,18.600000
0.620000, 0.320000,9.600000,30.811001,18.600000
0.620000, 0.340000,10.200000,31.150483,18.600000
0.620000, 0.360000,10.800000,31.450025,18.600000
0.620000, 0.380000,11.400000,31.709628,18.600000
0.620000, 0.400000,12.000000,31.929293,18.600000
0.620000, 0.420000,12.600000,32.109018,18.600000
0.620000, 0.440000,13.200000,32.248805,18.600000
0.620000, 0.460000,13.800000,32.348652,18.600000
0.620000, 0.480000,14.400000,32.408561,18.600000
0.620000, 0.500000,15.000000,32.428530,18.600000
0.620000, 0.520000,15.600000,32.408561,18.600000
0.620000, 0.540000,16.200000,32.348652,18.600000
0.620000, 0.560000,16.800000,32.248805,18.600000
0.620000, 0.580000,17.400000,32.109018,18.600000
0.620000, 0.600000,18.000000,31.929293,18.600000
0.620000, 0.620000,18.600000,31.709628,18.600000
0.620000, 0.640000,19.200000,31.450025,18.600000
0.620000, 0.660000,19.800000,31.150483,18.600000
0.620000, 0.680000,20.400000,30.811001,18.600000
0.620000, 0.700000,21.000000,30.431581,18.600000
0.620000, 0.720000,21.600000,30.012222,18.600000
0.620000, 0.740000,22.200000,29.552924,18.600000
0.620000, 0.760000,22.800000,29.053687,18.600000
0.620000, 0.780000,23.400000,28.514510,18.600000
0.620000, 0.800000,24.000000,27.935395,18.600000
0.620000, 0.820000,24.600000,27.316341,18.600000
0.620000, 0.840000,25.200000,26.657348,18.600000
0.620000, 0.860000,25.800000,25.958416,18.600000
0.620000, 0.880000,26.400000,25.219545,18.600000
0.620000, 0.900000,27.000000,24.440735,18.600000
0.620000, 0.920000,27.600000,23.621986,18.600000
0.620000, 0.940000,28.200000,22.763298,18.600000
0.620000, 0.960000,28.800000,21.864671,18.600000
0.620000, 0.980000,29.400000,20.926105,18.600000
0.620000, 1.000000,30.000000,19.947600,18.600000
0.640000, 0.000000,0.000000,19.838400,19.200000
0.640000, 0.020000,0.600000,20.811394,19.200000
0.640000, 0.040000,1.200000,21.744674,19.200000
0.640000, 0.060000,1.800000,22.638240,19.200000
0.640000, 0.080000,2.400000,23.492092,19.200000
0.640000, 0.100000,3.000000,24.306230,19.200000
0.640000, 0.120000,3.600000,25.080654,19.200000
0.640000, 0.140000,4.200000,25.815364,19.200000
0.640000, 0.160000,4.800000,26.510360,19.200000
0.640000, 0.180000,5.400000,27.165642,19.200000
0.640000, 0.200000,6.000000,27.781210,19.200000
0.640000, 0.220000,6.600000,28.357063,19.200000
0.640000, 0.240000,7.200000,28.893203,19.200000
0.640000, 0.260000,7.800000,29.389629,19.200000
0.640000, 0.280000,8.400000,29.846340,19.200000
0.640000, 0.300000,9.000000,30.263338,19.200000
0.640000, 0.320000,9.600000,30.640621,19.200000
0.640000, 0.340000,10.200000,30.978190,19.200000
0.640000, 0.360000,10.800000,31.276046,19.200000
0.640000, 0.380000,11.400000,31.534187,19.200000
0.640000, 0.400000,12.000000,31.752614,19.200000
0.640000, 0.420000,12.600000,31.931328,19.200000
0.640000, 0.440000,13.200000,32.070327,19.200000
0.640000, 0.460000,13.800000,32.169612,19.200000
0.640000, 0.480000,14.400000,32.229183,19.200000
0.640000, 0.500000,15.000000,32.249040,19.200000
0.640000, 0.520000,15.600000,32.229183,19.200000
0.640000, 0.540000,16.200000,32.169612,19.200000
0.640000, 0.560000,16.800000,32.070327,19.200000
0.640000, 0.580000,17.400000,31.931328,19.200000
0.640000, 0.600000,18.000000,31.752614,19.200000
0.640000, 0.620000,18.600000,31.534187,19.200000
0.640000, 0.640000,19.200000,31.276046,19.200000
0.640000, 0.660000,19.800000,30.978190,19.200000
0.640000, 0.680000,20.400000,30.640621,19.200000
0.640000, 0.700000,21.000000,30.263338,19.200000
0.640000, 0.720000,21.600000,29.846340,19.200000
0.640000, 0.740000,22.200000,29.389629,19.200000
0.640000, 0.760000,22.800000,28.893203,19.200000
0.640000, 0.780000,23.400000,28.357063,19.200000
0.640000, 0.800000,24.000000,27.781210,19.200000
0.640000, 0.820000,24.600000,27.165642,19.200000
0.640000, 0.840000,25.200000,26.510360,19.200000
0.640000, 0.860000,25.800000,25.815364,19.200000
0.640000, 0.880000,26.400000,25.080654,19.200000
0.640000, 0.900000,27.000000,24.306230,19.200000
0.640000, 0.920000,27.600000,23.492092,19.200000
0.640000, 0.940000,28.200000,22.638240,19.200000
0.640000, 0.960000,28.800000,21.744674,19.200000
0.640000, 0.980000,29.400000,20.811394,19.200000
0.640000, 1.000000,30.000000,19.838400,19.200000
0.660000, 0.000000,0.000000,19.712400,19.800000
0.660000, 0.020000,0.600000,20.676525,19.800000
0.660000, 0.040000,1.200000,21.601298,19.800000
0.660000, 0.060000,1.800000,22.486718,19.800000
0.660000, 0.080000,2.400000,23.332787,19.800000
0.660000, 0.100000,3.000000,24.139504,19.800000
0.660000, 0.120000,3.600000,24.906868,19.800000
0.660000, 0.140000,4.200000,25.634881,19.800000
0.660000, 0.160000,4.800000,26.323541,19.800000
0.660000, 0.180000,5.400000,26.972850,19.800000
0.660000, 0.200000,6.000000,27.582806,19.800000
0.660000, 0.220000,6.600000,28.153411,19.800000
0.660000, 0.240000,7.200000,28.684663,19.800000
0.660000, 0.260000,7.800000,29.176564,19.800000
0.660000, 0.280000,8.400000,29.629112,19.800000
0.660000, 0.300000,9.000000,30.042308,19.800000
0.660000, 0.320000,9.600000,30.416153,19.800000
0.660000, 0.340000,10.200000,30.750645,19.800000
0.660000, 0.360000,10.800000,31.045785,19.800000
0.660000, 0.380000,11.400000,31.301573,19.800000
0.660000, 0.400000,12.000000,31.518010,19.800000
0.660000, 0.420000,12.600000,31.695094,19.800000
0.660000, 0.440000,13.200000,31.832826,19.800000
0.660000, 0.460000,13.800000,31.931206,19.800000
0.660000, 0.480000,14.400000,31.990234,19.800000
0.660000, 0.500000,15.000000,32.009910,19.800000
0.660000, 0.520000,15.600000,31.990234,19.800000
0.660000, 0.540000,16.200000,31.931206,19.800000
0.660000, 0.560000,16.800000,31.832826,19.800000
0.660000, 0.580000,17.400000,31.695094,19.800000
0.660000, 0.600000,18.000000,31.518010,19.800000
0.660000, 0.620000,18.600000,31.301573,19.800000
0.660000, 0.640000,19.200000,31.045785,19.800000
0.660000, 0.660000,19.800000,30.750645,19.800000
0.660000, 0.680000,20.400000,30.416153,19.800000
0.660000, 0.700000,21.000000,30.042308,19.800000
0.660000, 0.720000,21.600000,29.629112,19.800000
0.660000, 0.740000,22.200000,29.176564,19.800000
0.660000, 0.760000,22.800000,28.684663,19.800000
0.660000, 0.780000,23.400000,28.153411,19.800000
0.660000, 0.800000,24.000000,27.582806,19.800000
0.660000, 0.820000,24.600000,26.972850,19.800000
0.660000, 0.840000,25.200000,26.323541,19.800000
0.660000, 0.860000,25.800000,25.634881,19.800000
0.660000, 0.880000,26.400000,24.906868,19.800000
0.660000, 0.900000,27.000000,24.139504,19.800000
0.660000, 0.920000,27.600000,23.332787,19.800000
0.660000, 0.940000,28.200000,22.486718,19.800000
0.660000, 0.960000,28.800000,21.601298,19.800000
0.660000, 0.980000,29.400000,20.676525,19.800000
0.660000, 1.000000,30.000000,19.712400,19.800000
0.680000, 0.000000,0.000000,19.569600,20.400000
0.680000, 0.020000,0.600000,20.521370,20.400000
0.680000, 0.040000,1.200000,21.434292,20.400000
0.680000, 0.060000,1.800000,22.308366,20.400000
0.680000, 0.080000,2.400000,23.143592,20.400000
0.680000, 0.100000,3.000000,23.939971,20.400000
0.680000, 0.120000,3.600000,24.697502,20.400000
0.680000, 0.140000,4.200000,25.416185,20.400000
0.680000, 0.160000,4.800000,26.096021,20.400000
0.680000, 0.180000,5.400000,26.737009,20.400000
0.680000, 0.200000,6.000000,27.339149,20.400000
0.680000, 0.220000,6.600000,27.902441,20.400000
0.680000, 0.240000,7.200000,28.426886,20.400000
0.680000, 0.260000,7.800000,28.912482,20.400000
0.680000, 0.280000,8.400000,29.359231,20.400000
0.680000, 0.300000,9.000000,29.767133,20.400000
0.680000, 0.320000,9.600000,30.136186,20.400000
0.680000, 0.340000,10.200000,30.466392,20.400000
0.680000, 0.360000,10.800000,30.757750,20.400000
0.680000, 0.380000,11.400000,31.010261,20.400000
0.680000, 0.400000,12.000000,31.223923,20.400000
0.680000, 0.420000,12.600000,31.398738,20.400000
0.680000, 0.440000,13.200000,31.534705,20.400000
0.680000, 0.460000,13.800000,31.631825,20.400000
0.680000, 0.480000,14.400000,31.690096,20.400000
0.680000, 0.500000,15.000000,31.709520,20.400000
0.680000, 0.520000,15.600000,31.690096,20.400000
0.680000, 0.540000,16.200000,31.631825,20.400000
0.680000, 0.560000,16.800000,31.534705,20.400000
0.680000, 0.580000,17.400000,31.398738,20.400000
0.680000, 0.600000,18.000000,31.223923,20.400000
0.680000, 0.620000,18.600000,31.010261,20.400000
0.680000, 0.640000,19.200000,30.757750,20.400000
0.680000, 0.660000,19.800000,30.466392,20.400000
0.680000, 0.680000,20.400000,30.136186,20.400000
0.680000, 0.700000,21.000000,29.767133,20.400000
0.680000, 0.720000,21.600000,29.359231,20.400000
0.680000, 0.740000,22.200000,28.912482,20.400000
0.680000, 0.760000,22.800000,28.426886,20.400000
0.680000, 0.780000,23.400000,27.902441,20.400000
0.680000, 0.800000,24.000000,27.339149,20.400000
0.680000, 0.820000,24.600000,26.737009,20.400000
0.680000, 0.840000,25.200000,26.096021,20.400000
0.680000, 0.860000,25.800000,25.416185,20.400000
0.680000, 0.880000,26.400000,24.697502,20.400000
0.680000, 0.900000,27.000000,23.939971,20.400000
0.680000, 0.920000,27.600000,23.143592,20.400000
0.680000, 0.940000,28.200000,22.308366,20.400000
0.680000, 0.960000,28.800000,21.434292,20.400000
0.680000, 0.980000,29.400000,20.521370,20.400000
0.680000, 1.000000,30.000000,19.569600,20.400000
0.700000, 0.000000,0.000000,19.410000,21.000000
0.700000, 0.020000,0.600000,20.345802,21.000000
0.700000, 0.040000,1.200000,21.243408,21.000000
0.700000, 0.060000,1.800000,22.102818,21.000000
0.700000, 0.080000,2.400000,22.924032,21.000000
0.700000, 0.100000,3.000000,23.707050,21.000000
0.700000, 0.120000,3.600000,24.451872,21.000000
0.700000, 0.140000,4.200000,25.158498,21.000000
0.700000, 0.160000,4.800000,25.826928,21.000000
0.700000, 0.180000,5.400000,26.457162,21.000000
0.700000, 0.200000,6.000000,27.049200,21.000000
0.700000, 0.220000,6.600000,27.603042,21.000000
0.700000, 0.240000,7.200000,28.118688,21.000000
0.700000, 0.260000,7.800000,28.596138,21.000000
0.700000, 0.280000,8.400000,29.035392,21.000000
0.700000, 0.300000,9.000000,29.436450,21.000000
0.700000, 0.320000,9.600000,29.799312,21.000000
0.700000, 0.340000,10.200000,30.123978,21.000000
0.700000, 0.360000,10.800000,30.410448,21.000000
0.700000, 0.380000,11.400000,30.658722,21.000000
0.700000, 0.400000,12.000000,30.868800,21.000000
0.700000, 0.420000,12.600000,31.040682,21.000000
0.700000, 0.440000,13.200000,31.174368,21.000000
0.700000, 0.460000,13.800000,31.269858,21.000000
0.700000, 0.480000,14.400000,31.327152,21.000000
0.700000, 0.500000,15.000000,31.346250,21.000000
0.700000, 0.520000,15.600000,31.327152,21.000000
0.700000, 0.540000,16.200000,31.269858,21.000000
0.700000, 0.560000,16.800000,31.174368,21.000000
0.700000, 0.580000,17.400000,31.040682,21.000000
0.700000, 0.600000,18.000000,30.868800,21.000000
0.700000, 0.620000,18.600000,30.658722,21.000000
0.700000, 0.640000,19.200000,30.410448,21.000000
0.700000, 0.660000,19.800000,30.123978,21.000000
0.700000, 0.680000,20.400000,29.799312,21.000000
0.700000, 0.700000,21.000000,29.436450,21.000000
0.700000, 0.720000,21.600000,29.035392,21.000000
0.700000, 0.740000,22.200000,28.596138,21.000000
0.700000, 0.760000,22.800000,28.118688,21.000000
0.700000, 0.780000,23.400000,27.603042,21.000000
0.700000, 0.800000,24.000000,27.049200,21.000000
0.700000, 0.820000,24.600000,26.457162,21.000000
0.700000, 0.840000,25.200000,25.826928,21.000000
0.700000, 0.860000,25.800000,25.158498,21.000000
0.700000, 0.880000,26.400000,24.451872,21.000000
0.700000, 0.900000,27.000000,23.707050,21.000000
0.700000, 0.920000,27.600000,22.924032,21.000000
0.700000, 0.940000,28.200000,22.102818,21.000000
0.700000, 0.960000,28.800000,21.243408,21.000000
0.700000, 0.980000,29.400000,20.345802,21.000000
0.700000, 1.000000,30.000000,19.410000,21.000000
0.720000, 0.000000,0.000000,19.233600,21.600000
0.720000, 0.020000,0.600000,20.149695,21.600000
0.720000, 0.040000,1.200000,21.028398,21.600000
0.720000, 0.060000,1.800000,21.869709,21.600000
0.720000, 0.080000,2.400000,22.673629,21.600000
0.720000, 0.100000,3.000000,23.440157,21.600000
0.720000, 0.120000,3.600000,24.169293,21.600000
0.720000, 0.140000,4.200000,24.861038,21.600000
0.720000, 0.160000,4.800000,25.515391,21.600000
0.720000, 0.180000,5.400000,26.132353,21.600000
0.720000, 0.200000,6.000000,26.711923,21.600000
0.720000, 0.220000,6.600000,27.254102,21.600000
0.720000, 0.240000,7.200000,27.758888,21.600000
0.720000, 0.260000,7.800000,28.226284,21.600000
0.720000, 0.280000,8.400000,28.656287,21.600000
0.720000, 0.300000,9.000000,29.048899,21.600000
0.720000, 0.320000,9.600000,29.404120,21.600000
0.720000, 0.340000,10.200000,29.721948,21.600000
0.720000, 0.360000,10.800000,30.002385,21.600000
0.720000, 0.380000,11.400000,30.245431,21.600000
0.720000, 0.400000,12.000000,30.451085,21.600000
0.720000, 0.420000,12.600000,30.619347,21.600000
0.720000, 0.440000,13.200000,30.750218,21.600000
0.720000, 0.460000,13.800000,30.843697,21.600000
0.720000, 0.480000,14.400000,30.899784,21.600000
0.720000, 0.500000,15.000000,30.918480,21.600000
0.720000, 0.520000,15.600000,30.899784,21.600000
0.720000, 0.540000,16.200000,30.843697,21.600000
0.720000, 0.560000,16.800000,30.750218,21.600000
0.720000, 0.580000,17.400000,30.619347,21.600000
0.720000, 0.600000,18.000000,30.451085,21.600000
0.720000, 0.620000,18.600000,30.245431,21.600000
0.720000, 0.640000,19.200000,30.002385,21.600000
0.720000, 0.660000,19.800000,29.721948,21.600000
0.720000, 0.680000,20.400000,29.404120,21.600000
0.720000, 0.700000,21.000000,29.048899,21.600000
0.720000, 0.720000,21.600000,28.656287,21.600000
0.720000, 0.740000,22.200000,28.226284,21.600000
0.720000, 0.760000,22.800000,27.758888,21.600000
0.720000, 0.780000,23.400000,27.254102,21.600000
0.720000, 0.800000,24.000000,26.711923,21.600000
0.720000, 0.820000,24.600000,26.132353,21.600000
0.720000, 0.840000,25.200000,25.515391,21.600000
0.720000, 0.860000,25.800000,24.861038,21.600000
0.720000, 0.880000,26.400000,24.169293,21.600000
0.720000, 0.900000,27.000000,23.440157,21.600000
0.720000, 0.920000,27.600000,22.673629,21.600000
0.720000, 0.940000,28.200000,21.869709,21.600000
0.720000, 0.960000,28.800000,21.028398,21.600000
0.720000, 0.980000,29.400000,20.149695,21.600000
0.720000, 1.000000,30.000000,19.233600,21.600000
0.740000, 0.000000,0.000000,19.040400,22.200000
0.740000, 0.020000,0.600000,19.932920,22.200000
0.740000, 0.040000,1.200000,20.789012,22.200000
0.740000, 0.060000,1.800000,21.608673,22.200000
0.740000, 0.080000,2.400000,22.391906,22.200000
0.740000, 0.100000,3.000000,23.138708,22.200000
0.740000, 0.120000,3.600000,23.849082,22.200000
0.740000, 0.140000,4.200000,24.523026,22.200000
0.740000, 0.160000,4.800000,25.160541,22.200000
0.740000, 0.180000,5.400000,25.761626,22.200000
0.740000, 0.200000,6.000000,26.326282,22.200000
0.740000, 0.220000,6.600000,26.854508,22.200000
0.740000, 0.240000,7.200000,27.346305,22.200000
0.740000, 0.260000,7.800000,27.801673,22.200000
0.740000, 0.280000,8.400000,28.220611,22.200000
0.740000, 0.300000,9.000000,28.603120,22.200000
0.740000, 0.320000,9.600000,28.949199,22.200000
0.740000, 0.340000,10.200000,29.258849,22.200000
0.740000, 0.360000,10.800000,29.532070,22.200000
0.740000, 0.380000,11.400000,29.768861,22.200000
0.740000, 0.400000,12.000000,29.969222,22.200000
0.740000, 0.420000,12.600000,30.133155,22.200000
0.740000, 0.440000,13.200000,30.260658,22.200000
0.740000, 0.460000,13.800000,30.351731,22.200000
0.740000, 0.480000,14.400000,30.406375,22.200000
0.740000, 0.500000,15.000000,30.424590,22.200000
0.740000, 0.520000,15.600000,30.406375,22.200000
0.740000, 0.540000,16.200000,30.351731,22.200000
0.740000, 0.560000,16.800000,30.260658,22.200000
0.740000, 0.580000,17.400000,30.133155,22.200000
0.740000, 0.600000,18.000000,29.969222,22.200000
0.740000, 0.620000,18.600000,29.768861,22.200000
0.740000, 0.640000,19.200000,29.532070,22.200000
0.740000, 0.660000,19.800000,29.258849,22.200000
0.740000, 0.680000,20.400000,28.949199,22.200000
0.740000, 0.700000,21.000000,28.603120,22.200000
0.740000, 0.720000,21.600000,28.220611,22.200000
0.740000, 0.740000,22.200000,27.801673,22.200000
0.740000, 0.760000,22.800000,27.346305,22.200000
0.740000, 0.780000,23.400000,26.854508,22.200000
0.740000, 0.800000,24.000000,26.326282,22.200000
0.740000, 0.820000,24.600000,25.761626,22.200000
0.740000, 0.840000,25.200000,25.160541,22.200000
0.740000, 0.860000,25.800000,24.523026,22.200000
0.740000, 0.880000,26.400000,23.849082,22.200000
0.740000, 0.900000,27.000000,23.138708,22.200000
0.740000, 0.920000,27.600000,22.391906,22.200000
0.740000, 0.940000,28.200000,21.608673,22.200000
0.740000, 0.960000,28.800000,20.789012,22.200000
0.740000, 0.980000,29.400000,19.932920,22.200000
0.740000, 1.000000,30.000000,19.040400,22.200000
0.760000, 0.000000,0.000000,18.830400,22.800000
0.760000, 0.020000,0.600000,19.695353,22.800000
0.760000, 0.040000,1.200000,20.525001,22.800000
0.760000, 0.060000,1.800000,21.319346,22.800000
0.760000, 0.080000,2.400000,22.078386,22.800000
0.760000, 0.100000,3.000000,22.802122,22.800000
0.760000, 0.120000,3.600000,23.490553,22.800000
0.760000, 0.140000,4.200000,24.143681,22.800000
0.760000, 0.160000,4.800000,24.761504,22.800000
0.760000, 0.180000,5.400000,25.344023,22.800000
0.760000, 0.200000,6.000000,25.891238,22.800000
0.760000, 0.220000,6.600000,26.403149,22.800000
0.760000, 0.240000,7.200000,26.879756,22.800000
0.760000, 0.260000,7.800000,27.321058,22.800000
0.760000, 0.280000,8.400000,27.727056,22.800000
0.760000, 0.300000,9.000000,28.097750,22.800000
0.760000, 0.320000,9.600000,28.433140,22.800000
0.760000, 0.340000,10.200000,28.733226,22.800000
0.760000, 0.360000,10.800000,28.998007,22.800000
0.760000, 0.380000,11.400000,29.227485,22.800000
0.760000, 0.400000,12.000000,29.421658,22.800000
0.760000, 0.420000,12.600000,29.580526,22.800000
0.760000, 0.440000,13.200000,29.704091,22.800000
0.760000, 0.460000,13.800000,29.792352,22.800000
0.760000, 0.480000,14.400000,29.845308,22.800000
0.760000, 0.500000,15.000000,29.862960,22.800000
0.760000, 0.520000,15.600000,29.845308,22.800000
0.760000, 0.540000,16.200000,29.792352,22.800000
0.760000, 0.560000,16.800000,29.704091,22.800000
0.760000, 0.580000,17.400000,29.580526,22.800000
0.760000, 0.600000,18.000000,29.421658,22.800000
0.760000, 0.620000,18.600000,29.227485,22.800000
0.760000, 0.640000,19.200000,28.998007,22.800000
0.760000, 0.660000,19.800000,28.733226,22.800000
0.760000, 0.680000,20.400000,28.433140,22.800000
0.760000, 0.700000,21.000000,28.097750,22.800000
0.760000, 0.720000,21.600000,27.727056,22.800000
0.760000, 0.740000,22.200000,27.321058,22.800000
0.760000, 0.760000,22.800000,26.879756,22.800000
0.760000, 0.780000,23.400000,26.403149,22.800000
0.760000, 0.800000,24.000000,25.891238,22.800000
0.760000, 0.820000,24.600000,25.344023,22.800000
0.760000, 0.840000,25.200000,24.761504,22.800000
0.760000, 0.860000,25.800000,24.143681,22.800000
0.760000, 0.880000,26.400000,23.490553,22.800000
0.760000, 0.900000,27.000000,22.802122,22.800000
0.760000, 0.920000,27.600000,22.078386,22.800000
0.760000, 0.940000,28.200000,21.319346,22.800000
0.760000, 0.960000,28.800000,20.525001,22.800000
0.760000, 0.980000,29.400000,19.695353,22.800000
0.760000, 1.000000,30.000000,18.830400,22.800000
0.780000, 0.000000,0.000000,18.603600,23.400000
0.780000, 0.020000,0.600000,19.436864,23.400000
0.780000, 0.040000,1.200000,20.236118,23.400000
0.780000, 0.060000,1.800000,21.001360,23.400000
0.780000, 0.080000,2.400000,21.732592,23.400000
0.780000, 0.100000,3.000000,22.429813,23.400000
0.780000, 0.120000,3.600000,23.093023,23.400000
0.780000, 0.140000,4.200000,23.722223,23.400000
0.780000, 0.160000,4.800000,24.317412,23.400000
0.780000, 0.180000,5.400000,24.878590,23.400000
0.780000, 0.200000,6.000000,25.405757,23.400000
0.780000, 0.220000,6.600000,25.898913,23.400000
0.780000, 0.240000,7.200000,26.358059,23.400000
0.780000, 0.260000,7.800000,26.783194,23.400000
0.780000, 0.280000,8.400000,27.174318,23.400000
0.780000, 0.300000,9.000000,27.531431,23.400000
0.780000, 0.320000,9.600000,27.854533,23.400000
0.780000, 0.340000,10.200000,28.143625,23.400000
0.780000, 0.360000,10.800000,28.398706,23.400000
0.780000, 0.380000,11.400000,28.619776,23.400000
0.780000, 0.400000,12.000000,28.806835,23.400000
0.780000, 0.420000,12.600000,28.959884,23.400000
0.780000, 0.440000,13.200000,29.078921,23.400000
0.780000, 0.460000,13.800000,29.163948,23.400000
0.780000, 0.480000,14.400000,29.214965,23.400000
0.780000, 0.500000,15.000000,29.231970,23.400000
0.780000, 0.520000,15.600000,29.214965,23.400000
0.780000, 0.540000,16.200000,29.163948,23.400000
0.780000, 0.560000,16.800000,29.078921,23.400000
0.780000, 0.580000,17.400000,28.959884,23.400000
0.780000, 0.600000,18.000000,28.806835,23.400000
0.780000, 0.620000,18.600000,28.619776,23.400000
0.780000, 0.640000,19.200000,28.398706,23.400000
0.780000, 0.660000,19.800000,28.143625,23.400000
0.780000, 0.680000,20.400000,27.854533,23.400000
0.780000, 0.700000,21.000000,27.531431,23.400000
0.780000, 0.720000,21.600000,27.174318,23.400000
0.780000, 0.740000,22.200000,26.783194,23.400000
0.780000, 0.760000,22.800000,26.358059,23.400000
0.780000, 0.780000,23.400000,25.898913,23.400000
0.780000, 0.800000,24.000000,25.405757,23.400000
0.780000, 0.820000,24.600000,24.878590,23.400000
0.780000, 0.840000,25.200000,24.317412,23.400000
0.780000, 0.860000,25.800000,23.722223,23.400000
0.780000, 0.880000,26.400000,23.093023,23.400000
0.780000, 0.900000,27.000000,22.429813,23.400000
0.780000, 0.920000,27.600000,21.732592,23.400000
0.780000, 0.940000,28.200000,21.001360,23.400000
0.780000, 0.960000,28.800000,20.236118,23.400000
0.780000, 0.980000,29.400000,19.436864,23.400000
0.780000, 1.000000,30.000000,18.603600,23.400000
0.800000, 0.000000,0.000000,18.360000,24.000000
0.800000, 0.020000,0.600000,19.157328,24.000000
0.800000, 0.040000,1.200000,19.922112,24.000000
0.800000, 0.060000,1.800000,20.654352,24.000000
0.800000, 0.080000,2.400000,21.354048,24.000000
0.800000, 0.100000,3.000000,22.021200,24.000000
0.800000, 0.120000,3.600000,22.655808,24.000000
0.800000, 0.140000,4.200000,23.257872,24.000000
0.800000, 0.160000,4.800000,23.827392,24.000000
0.800000, 0.180000,5.400000,24.364368,24.000000
0.800000, 0.200000,6.000000,24.868800,24.000000
0.800000, 0.220000,6.600000,25.340688,24.000000
0.800000, 0.240000,7.200000,25.780032,24.000000
0.800000, 0.260000,7.800000,26.186832,24.000000
0.800000, 0.280000,8.400000,26.561088,24.000000
0.800000, 0.300000,9.000000,26.902800,24.000000
0.800000, 0.320000,9.600000,27.211968,24.000000
0.800000, 0.340000,10.200000,27.488592,24.000000
0.800000, 0.360000,10.800000,27.732672,24.000000
0.800000, 0.380000,11.400000,27.944208,24.000000
0.800000, 0.400000,12.000000,28.123200,24.000000
0.800000, 0.420000,12.600000,28.269648,24.000000
0.800000, 0.440000,13.200000,28.383552,24.000000
0.800000, 0.460000,13.800000,28.464912,24.000000
0.800000, 0.480000,14.400000,28.513728,24.000000
0.800000, 0.500000,15.000000,28.530000,24.000000
0.800000, 0.520000,15.600000,28.513728,24.000000
0.800000, 0.540000,16.200000,28.464912,24.000000
0.800000, 0.560000,16.800000,28.383552,24.000000
0.800000, 0.580000,17.400000,28.269648,24.000000
0.800000, 0.600000,18.000000,28.123200,24.000000
0.800000, 0.620000,18.600000,27.944208,24.000000
0.800000, 0.640000,19.200000,27.732672,24.000000
0.800000, 0.660000,19.800000,27.488592,24.000000
0.800000, 0.680000,20.400000,27.211968,24.000000
0.800000, 0.700000,21.000000,26.902800,24.000000
0.800000, 0.720000,21.600000,26.561088,24.000000
0.800000, 0.740000,22.200000,26.186832,24.000000
0.800000, 0.760000,22.800000,25.780032,24.000000
0.800000, 0.780000,23.400000,25.340688,24.000000
0.800000, 0.800000,24.000000,24.868800,24.000000
0.800000, 0.820000,24.600000,24.364368,24.000000
0.800000, 0.840000,25.200000,23.827392,24.000000
0.800000, 0.860000,25.800000,23.257872,24.000000
0.800000, 0.880000,26.400000,22.655808,24.000000
0.800000, 0.900000,27.000000,22.021200,24.000000
0.800000, 0.920000,27.600000,21.354048,24.000000
0.800000, 0.940000,28.200000,20.654352,24.000000
0.800000, 0.960000,28.800000,19.922112,24.000000
0.800000, 0.980000,29.400000,19.157328,24.000000
0.800000, 1.000000,30.000000,18.360000,24.000000
0.820000, 0.000000,0.000000,18.099600,24.600000
0.820000, 0.020000,0.600000,18.856617,24.600000
0.820000, 0.040000,1.200000,19.582735,24.600000
0.820000, 0.060000,1.800000,20.277955,24.600000
0.820000, 0.080000,2.400000,20.942276,24.600000
0.820000, 0.100000,3.000000,21.575699,24.600000
0.820000, 0.120000,3.600000,22.178223,24.600000
0.820000, 0.140000,4.200000,22.749848,24.600000
0.820000, 0.160000,4.800000,23.290574,24.600000
0.820000, 0.180000,5.400000,23.800402,24.600000
0.820000, 0.200000,6.000000,24.279331,24.600000
0.820000, 0.220000,6.600000,24.727362,24.600000
0.820000, 0.240000,7.200000,25.144494,24.600000
0.820000, 0.260000,7.800000,25.530727,24.600000
0.820000, 0.280000,8.400000,25.886061,24.600000
0.820000, 0.300000,9.000000,26.210497,24.600000
0.820000, 0.320000,9.600000,26.504034,24.600000
0.820000, 0.340000,10.200000,26.766673,24.600000
0.820000, 0.360000,10.800000,26.998413,24.600000
0.820000, 0.380000,11.400000,27.199254,24.600000
0.820000, 0.400000,12.000000,27.369197,24.600000
0.820000, 0.420000,12.600000,27.508241,24.600000
0.820000, 0.440000,13.200000,27.616386,24.600000
0.820000, 0.460000,13.800000,27.693633,24.600000
0.820000, 0.480000,14.400000,27.739981,24.600000
0.820000, 0.500000,15.000000,27.755430,24.600000
0.820000, 0.520000,15.600000,27.739981,24.600000
0.820000, 0.540000,16.200000,27.693633,24.600000
0.820000, 0.560000,16.800000,27.616386,24.600000
0.820000, 0.580000,17.400000,27.508241,24.600000
0.820000, 0.600000,18.000000,27.369197,24.600000
0.820000, 0.620000,18.600000,27.199254,24.600000
0.820000, 0.640000,19.200000,26.998413,24.600000
0.820000, 0.660000,19.800000,26.766673,24.600000
0.820000, 0.680000,20.400000,26.504034,24.600000
0.820000, 0.700000,21.000000,26.210497,24.600000
0.820000, 0.720000,21.600000,25.886061,24.600000
0.820000, 0.740000,22.200000,25.530727,24.600000
0.820000, 0.760000,22.800000,25.144494,24.600000
0.820000, 0.780000,23.400000,24.727362,24.600000
0.820000, 0.800000,24.000000,24.279331,24.600000
0.820000, 0.820000,24.600000,23.800402,24.600000
0.820000, 0.840000,25.200000,23.290574,24.600000
0.820000, 0.860000,25.800000,22.749848,24.600000
0.820000, 0.880000,26.400000,22.178223,24.600000
0.820000, 0.900000,27.000000,21.575699,24.600000
0.820000, 0.920000,27.600000,20.942276,24.600000
0.820000, 0.940000,28.200000,20.277955,24.600000
0.820000, 0.960000,28.800000,19.582735,24.600000
0.820000, 0.980000,29.400000,18.856617,24.600000
0.820000, 1.000000,30.000000,18.099600,24.600000
0.840000, 0.000000,0.000000,17.822400,25.200000
0.840000, 0.020000,0.600000,18.534604,25.200000
0.840000, 0.040000,1.200000,19.217739,25.200000
0.840000, 0.060000,1.800000,19.871805,25.200000
0.840000, 0.080000,2.400000,20.496800,25.200000
0.840000, 0.100000,3.000000,21.092726,25.200000
0.840000, 0.120000,3.600000,21.659583,25.200000
0.840000, 0.140000,4.200000,22.197370,25.200000
0.840000, 0.160000,4.800000,22.706087,25.200000
0.840000, 0.180000,5.400000,23.185735,25.200000
0.840000, 0.200000,6.000000,23.636314,25.200000
0.840000, 0.220000,6.600000,24.057822,25.200000
0.840000, 0.240000,7.200000,24.450262,25.200000
0.840000, 0.260000,7.800000,24.813631,25.200000
0.840000, 0.280000,8.400000,25.147931,25.200000
0.840000, 0.300000,9.000000,25.453162,25.200000
0.840000, 0.320000,9.600000,25.729322,25.200000
0.840000, 0.340000,10.200000,25.976414,25.200000
0.840000, 0.360000,10.800000,26.194436,25.200000
0.840000, 0.380000,11.400000,26.383388,25.200000
0.840000, 0.400000,12.000000,26.543270,25.200000
0.840000, 0.420000,12.600000,26.674083,25.200000
0.840000, 0.440000,13.200000,26.775827,25.200000
0.840000, 0.460000,13.800000,26.848501,25.200000
0.840000, 0.480000,14.400000,26.892105,25.200000
0.840000, 0.500000,15.000000,26.906640,25.200000
0.840000, 0.520000,15.600000,26.892105,25.200000
0.840000, 0.540000,16.200000,26.848501,25.200000
0.840000, 0.560000,16.800000,26.775827,25.200000
0.840000, 0.580000,17.400000,26.674083,25.200000
0.840000, 0.600000,18.000000,26.543270,25.200000
0.840000, 0.620000,18.600000,26.383388,25.200000
0.840000, 0.640000,19.200000,26.194436,25.200000
0.840000, 0.660000,19.800000,25.976414,25.200000
0.840000, 0.680000,20.400000,25.729322,25.200000
0.840000, 0.700000,21.000000,25.453162,25.200000
0.840000, 0.720000,21.600000,25.147931,25.200000
0.840000, 0.740000,22.200000,24.813631,25.200000
0.840000, 0.760000,22.800000,24.450262,25.200000
0.840000, 0.780000,23.400000,24.057822,25.200000
0.840000, 0.800000,24.000000,23.636314,25.200000
0.840000, 0.820000,24.600000,23.185735,25.200000
0.840000, 0.840000,25.200000,22.706087,25.200000
0.840000, 0.860000,25.800000,22.197370,25.200000
0.840000, 0.880000,26.400000,21.659583,25.200000
0.840000, 0.900000,27.000000,21.092726,25.200000
0.840000, 0.920000,27.600000,20.496800,25.200000
0.840000, 0.940000,28.200000,19.871805,25.200000
0.840000, 0.960000,28.800000,19.217739,25.200000
0.840000, 0.980000,29.400000,18.534604,25.200000
0.840000, 1.000000,30.000000,17.822400,25.200000
0.860000, 0.000000,0.000000,17.528400,25.800000
0.860000, 0.020000,0.600000,18.191163,25.800000
0.860000, 0.040000,1.200000,18.826874,25.800000
0.860000, 0.060000,1.800000,19.435534,25.800000
0.860000, 0.080000,2.400000,20.017143,25.800000
0.860000, 0.100000,3.000000,20.571700,25.800000
0.860000, 0.120000,3.600000,21.099205,25.800000
0.860000, 0.140000,4.200000,21.599659,25.800000
0.860000, 0.160000,4.800000,22.073061,25.800000
0.860000, 0.180000,5.400000,22.519411,25.800000
0.860000, 0.200000,6.000000,22.938710,25.800000
0.860000, 0.220000,6.600000,23.330958,25.800000
0.860000, 0.240000,7.200000,23.696154,25.800000
0.860000, 0.260000,7.800000,24.034298,25.800000
0.860000, 0.280000,8.400000,24.345391,25.800000
0.860000, 0.300000,9.000000,24.629432,25.800000
0.860000, 0.320000,9.600000,24.886422,25.800000
0.860000, 0.340000,10.200000,25.116360,25.800000
0.860000, 0.360000,10.800000,25.319247,25.800000
0.860000, 0.380000,11.400000,25.495082,25.800000
0.860000, 0.400000,12.000000,25.643866,25.800000
0.860000, 0.420000,12.600000,25.765598,25.800000
0.860000, 0.440000,13.200000,25.860278,25.800000
0.860000, 0.460000,13.800000,25.927907,25.800000
0.860000, 0.480000,14.400000,25.968484,25.800000
0.860000, 0.500000,15.000000,25.982010,25.800000
0.860000, 0.520000,15.600000,25.968484,25.800000
0.860000, 0.540000,16.200000,25.927907,25.800000
0.860000, 0.560000,16.800000,25.860278,25.800000
0.860000, 0.580000,17.400000,25.765598,25.800000
0.860000, 0.600000,18.000000,25.643866,25.800000
0.860000, 0.620000,18.600000,25.495082,25.800000
0.860000, 0.640000,19.200000,25.319247,25.800000
0.860000, 0.660000,19.800000,25.116360,25.800000
0.860000, 0.680000,20.400000,24.886422,25.800000
0.860000, 0.700000,21.000000,24.629432,25.800000
0.860000, 0.720000,21.600000,24.345391,25.800000
0.860000, 0.740000,22.200000,24.034298,25.800000
0.860000, 0.760000,22.800000,23.696154,25.800000
0.860000, 0.780000,23.400000,23.330958,25.800000
0.860000, 0.800000,24.000000,22.938710,25.800000
0.860000, 0.820000,24.600000,22.519411,25.800000
0.860000, 0.840000,25.200000,22.073061,25.800000
0.860000, 0.860000,25.800000,21.599659,25.800000
0.860000, 0.880000,26.400000,21.099205,25.800000
0.860000, 0.900000,27.000000,20.571700,25.800000
0.860000, 0.920000,27.600000,20.017143,25.800000
0.860000, 0.940000,28.200000,19.435534,25.800000
0.860000, 0.960000,28.800000,18.826874,25.800000
0.860000, 0.980000,29.400000,18.191163,25.800000
0.860000, 1.000000,30.000000,17.528400,25.800000
0.880000, 0.000000,0.000000,17.217600,26.400000
0.880000, 0.020000,0.600000,17.826166,26.400000
0.880000, 0.040000,1.200000,18.409892,26.400000
0.880000, 0.060000,1.800000,18.968779,26.400000
0.880000, 0.080000,2.400000,19.502827,26.400000
0.880000, 0.100000,3.000000,20.012035,26.400000
0.880000, 0.120000,3.600000,20.496404,26.400000
0.880000, 0.140000,4.200000,20.955933,26.400000
0.880000, 0.160000,4.800000,21.390623,26.400000
0.880000, 0.180000,5.400000,21.800474,26.400000
0.880000, 0.200000,6.000000,22.185485,26.400000
0.880000, 0.220000,6.600000,22.545656,26.400000
0.880000, 0.240000,7.200000,22.880989,26.400000
0.880000, 0.260000,7.800000,23.191481,26.400000
0.880000, 0.280000,8.400000,23.477135,26.400000
0.880000, 0.300000,9.000000,23.737949,26.400000
0.880000, 0.320000,9.600000,23.973923,26.400000
0.880000, 0.340000,10.200000,24.185058,26.400000
0.880000, 0.360000,10.800000,24.371354,26.400000
0.880000, 0.380000,11.400000,24.532810,26.400000
0.880000, 0.400000,12.000000,24.669427,26.400000
0.880000, 0.420000,12.600000,24.781205,26.400000
0.880000, 0.440000,13.200000,24.868143,26.400000
0.880000, 0.460000,13.800000,24.930241,26.400000
0.880000, 0.480000,14.400000,24.967500,26.400000
0.880000, 0.500000,15.000000,24.979920,26.400000
0.880000, 0.520000,15.600000,24.967500,26.400000
0.880000, 0.540000,16.200000,24.930241,26.400000
0.880000, 0.560000,16.800000,24.868143,26.400000
0.880000, 0.580000,17.400000,24.781205,26.400000
0.880000, 0.600000,18.000000,24.669427,26.400000
0.880000, 0.620000,18.600000,24.532810,26.400000
0.880000, 0.640000,19.200000,24.371354,26.400000
0.880000, 0.660000,19.800000,24.185058,26.400000
0.880000, 0.680000,20.400000,23.973923,26.400000
0.880000, 0.700000,21.000000,23.737949,26.400000
0.880000, 0.720000,21.600000,23.477135,26.400000
0.880000, 0.740000,22.200000,23.191481,26.400000
0.880000, 0.760000,22.800000,22.880989,26.400000
0.880000, 0.780000,23.400000,22.545656,26.400000
0.880000, 0.800000,24.000000,22.185485,26.400000
0.880000, 0.820000,24.600000,21.800474,26.400000
0.880000, 0.840000,25.200000,21.390623,26.400000
0.880000, 0.860000,25.800000,20.955933,26.400000
0.880000, 0.880000,26.400000,20.496404,26.400000
0.880000, 0.900000,27.000000,20.012035,26.400000
0.880000, 0.920000,27.600000,19.502827,26.400000
0.880000, 0.940000,28.200000,18.968779,26.400000
0.880000, 0.960000,28.800000,18.409892,26.400000
0.880000, 0.980000,29.400000,17.826166,26.400000
0.880000, 1.000000,30.000000,17.217600,26.400000
0.900000, 0.000000,0.000000,16.890000,27.000000
0.900000, 0.020000,0.600000,17.439486,27.000000
0.900000, 0.040000,1.200000,17.966544,27.000000
0.900000, 0.060000,1.800000,18.471174,27.000000
0.900000, 0.080000,2.400000,18.953376,27.000000
0.900000, 0.100000,3.000000,19.413150,27.000000
0.900000, 0.120000,3.600000,19.850496,27.000000
0.900000, 0.140000,4.200000,20.265414,27.000000
0.900000, 0.160000,4.800000,20.657904,27.000000
0.900000, 0.180000,5.400000,21.027966,27.000000
0.900000, 0.200000,6.000000,21.375600,27.000000
0.900000, 0.220000,6.600000,21.700806,27.000000
0.900000, 0.240000,7.200000,22.003584,27.000000
0.900000, 0.260000,7.800000,22.283934,27.000000
0.900000, 0.280000,8.400000,22.541856,27.000000
0.900000, 0.300000,9.000000,22.777350,27.000000
0.900000, 0.320000,9.600000,22.990416,27.000000
0.900000, 0.340000,10.200000,23.181054,27.000000
0.900000, 0.360000,10.800000,23.349264,27.000000
0.900000, 0.380000,11.400000,23.495046,27.000000
0.900000, 0.400000,12.000000,23.618400,27.000000
0.900000, 0.420000,12.600000,23.719326,27.000000
0.900000, 0.440000,13.200000,23.797824,27.000000
0.900000, 0.460000,13.800000,23.853894,27.000000
0.900000, 0.480000,14.400000,23.887536,27.000000
0.900000, 0.500000,15.000000,23.898750,27.000000
0.900000, 0.520000,15.600000,23.887536,27.000000
0.900000, 0.540000,16.200000,23.853894,27.000000
0.900000, 0.560000,16.800000,23.797824,27.000000
0.900000, 0.580000,17.400000,23.719326,27.000000
0.900000, 0.600000,18.000000,23.618400,27.000000
0.900000, 0.620000,18.600000,23.495046,27.000000
0.900000, 0.640000,19.200000,23.349264,27.000000
0.900000, 0.660000,19.800000,23.181054,27.000000
0.900000, 0.680000,20.400000,22.990416,27.000000
0.900000, 0.700000,21.000000,22.777350,27.000000
0.900000, 0.720000,21.600000,22.541856,27.000000
0.900000, 0.740000,22.200000,22.283934,27.000000
0.900000, 0.760000,22.800000,22.003584,27.000000
0.900000, 0.780000,23.400000,21.700806,27.000000
0.900000, 0.800000,24.000000,21.375600,27.000000
0.900000, 0.820000,24.600000,21.027966,27.000000
0.900000, 0.840000,25.200000,20.657904,27.000000
0.900000, 0.860000,25.800000,20.265414,27.000000
0.900000, 0.880000,26.400000,19.850496,27.000000
0.900000, 0.900000,27.000000,19.413150,27.000000
0.900000, 0.920000,27.600000,18.953376,27.000000
0.900000, 0.940000,28.200000,18.471174,27.000000
0.900000, 0.960000,28.800000,17.966544,27.000000
0.900000, 0.980000,29.400000,17.439486,27.000000
0.900000, 1.000000,30.000000,16.890000,27.000000
0.920000, 0.000000,0.000000,16.545600,27.600000
0.920000, 0.020000,0.600000,17.030996,27.600000
0.920000, 0.040000,1.200000,17.496581,27.600000
0.920000, 0.060000,1.800000,17.942353,27.600000
0.920000, 0.080000,2.400000,18.368313,27.600000
0.920000, 0.100000,3.000000,18.774461,27.600000
0.920000, 0.120000,3.600000,19.160797,27.600000
0.920000, 0.140000,4.200000,19.527320,27.600000
0.920000, 0.160000,4.800000,19.874032,27.600000
0.920000, 0.180000,5.400000,20.200932,27.600000
0.920000, 0.200000,6.000000,20.508019,27.600000
0.920000, 0.220000,6.600000,20.795295,27.600000
0.920000, 0.240000,7.200000,21.062758,27.600000
0.920000, 0.260000,7.800000,21.310409,27.600000
0.920000, 0.280000,8.400000,21.538248,27.600000
0.920000, 0.300000,9.000000,21.746275,27.600000
0.920000, 0.320000,9.600000,21.934490,27.600000
0.920000, 0.340000,10.200000,22.102893,27.600000
0.920000, 0.360000,10.800000,22.251484,27.600000
0.920000, 0.380000,11.400000,22.380262,27.600000
0.920000, 0.400000,12.000000,22.489229,27.600000
0.920000, 0.420000,12.600000,22.578383,27.600000
0.920000, 0.440000,13.200000,22.647726,27.600000
0.920000, 0.460000,13.800000,22.697256,27.600000
0.920000, 0.480000,14.400000,22.726974,27.600000
0.920000, 0.500000,15.000000,22.736880,27.600000
0.920000, 0.520000,15.600000,22.726974,27.600000
0.920000, 0.540000,16.200000,22.697256,27.600000
0.920000, 0.560000,16.800000,22.647726,27.600000
0.920000, 0.580000,17.400000,22.578383,27.600000
0.920000, 0.600000,18.000000,22.489229,27.600000
0.920000, 0.620000,18.600000,22.380262,27.600000
0.920000, 0.640000,19.200000,22.251484,27.600000
0.920000, 0.660000,19.800000,22.102893,27.600000
0.920000, 0.680000,20.400000,21.934490,27.600000
0.920000, 0.700000,21.000000,21.746275,27.600000
0.920000, 0.720000,21.600000,21.538248,27.600000
0.920000, 0.740000,22.200000,21.310409,27.600000
0.920000, 0.760000,22.800000,21.062758,27.600000
0.920000, 0.780000,23.400000,20.795295,27.600000
0.920000, 0.800000,24.000000,20.508019,27.600000
0.920000, 0.820000,24.600000,20.200932,27.600000
0.920000, 0.840000,25.200000,19.874032,27.600000
0.920000, 0.860000,25.800000,19.527320,27.600000
0.920000, 0.880000,26.400000,19.160797,27.600000
0.920000, 0.900000,27.000000,18.774461,27.600000
0.920000, 0.920000,27.600000,18.368313,27.600000
0.920000, 0.940000,28.200000,17.942353,27.600000
0.920000, 0.960000,28.800000,17.496581,27.600000
0.920000, 0.980000,29.400000,17.030996,27.600000
0.920000, 1.000000,30.000000,16.545600,27.600000
0.940000, 0.000000,0.000000,16.184400,28.200000
0.940000, 0.020000,0.600000,16.600570,28.200000
0.940000, 0.040000,1.200000,16.999753,28.200000
0.940000, 0.060000,1.800000,17.381950,28.200000
0.940000, 0.080000,2.400000,17.747161,28.200000
0.940000, 0.100000,3.000000,18.095384,28.200000
0.940000, 0.120000,3.600000,18.426622,28.200000
0.940000, 0.140000,4.200000,18.740872,28.200000
0.940000, 0.160000,4.800000,19.038137,28.200000
0.940000, 0.180000,5.400000,19.318414,28.200000
0.940000, 0.200000,6.000000,19.581706,28.200000
0.940000, 0.220000,6.600000,19.828010,28.200000
0.940000, 0.240000,7.200000,20.057328,28.200000
0.940000, 0.260000,7.800000,20.269660,28.200000
0.940000, 0.280000,8.400000,20.465005,28.200000
0.940000, 0.300000,9.000000,20.643364,28.200000
0.940000, 0.320000,9.600000,20.804736,28.200000
0.940000, 0.340000,10.200000,20.949121,28.200000
0.940000, 0.360000,10.800000,21.076520,28.200000
0.940000, 0.380000,11.400000,21.186932,28.200000
0.940000, 0.400000,12.000000,21.280358,28.200000
0.940000, 0.420000,12.600000,21.356798,28.200000
0.940000, 0.440000,13.200000,21.416251,28.200000
0.940000, 0.460000,13.800000,21.458717,28.200000
0.940000, 0.480000,14.400000,21.484197,28.200000
0.940000, 0.500000,15.000000,21.492690,28.200000
0.940000, 0.520000,15.600000,21.484197,28.200000
0.940000, 0.540000,16.200000,21.458717,28.200000
0.940000, 0.560000,16.800000,21.416251,28.200000
0.940000, 0.580000,17.400000,21.356798,28.200000
0.940000, 0.600000,18.000000,21.280358,28.200000
0.940000, 0.620000,18.600000,21.186932,28.200000
0.940000, 0.640000,19.200000,21.076520,28.200000
0.940000, 0.660000,19.800000,20.949121,28.200000
0.940000, 0.680000,20.400000,20.804736,28.200000
0.940000, 0.700000,21.000000,20.643364,28.200000
0.940000, 0.720000,21.600000,20.465005,28.200000
0.940000, 0.740000,22.200000,20.269660,28.200000
0.940000, 0.760000,22.800000,20.057328,28.200000
0.940000, 0.780000,23.400000,19.828010,28.200000
0.940000, 0.800000,24.000000,19.581706,28.200000
0.940000, 0.820000,24.600000,19.318414,28.200000
0.940000, 0.840000,25.200000,19.038137,28.200000
0.940000, 0.860000,25.800000,18.740872,28.200000
0.940000, 0.880000,26.400000,18.426622,28.200000
0.940000, 0.900000,27.000000,18.095384,28.200000
0.940000, 0.920000,27.600000,17.747161,28.200000
0.940000, 0.940000,28.200000,17.381950,28.200000
0.940000, 0.960000,28.800000,16.999753,28.200000
0.940000, 0.980000,29.400000,16.600570,28.200000
0.940000, 1.000000,30.000000,16.184400,28.200000
0.960000, 0.000000,0.000000,15.806400,28.800000
0.960000, 0.020000,0.600000,16.148080,28.800000
0.960000, 0.040000,1.200000,16.475813,28.800000
0.960000, 0.060000,1.800000,16.789601,28.800000
0.960000, 0.080000,2.400000,17.089442,28.800000
0.960000, 0.100000,3.000000,17.375338,28.800000
0.960000, 0.120000,3.600000,17.647287,28.800000
0.960000, 0.140000,4.200000,17.905290,28.800000
0.960000, 0.160000,4.800000,18.149347,28.800000
0.960000, 0.180000,5.400000,18.379458,28.800000
0.960000, 0.200000,6.000000,18.595622,28.800000
0.960000, 0.220000,6.600000,18.797841,28.800000
0.960000, 0.240000,7.200000,18.986114,28.800000
0.960000, 0.260000,7.800000,19.160440,28.800000
0.960000, 0.280000,8.400000,19.320820,28.800000
0.960000, 0.300000,9.000000,19.467254,28.800000
0.960000, 0.320000,9.600000,19.599742,28.800000
0.960000, 0.340000,10.200000,19.718284,28.800000
0.960000, 0.360000,10.800000,19.822880,28.800000
0.960000, 0.380000,11.400000,19.913530,28.800000
0.960000, 0.400000,12.000000,19.990234,28.800000
0.960000, 0.420000,12.600000,20.052991,28.800000
0.960000, 0.440000,13.200000,20.101802,28.800000
0.960000, 0.460000,13.800000,20.136668,28.800000
0.960000, 0.480000,14.400000,20.157587,28.800000
0.960000, 0.500000,15.000000,20.164560,28.800000
0.960000, 0.520000,15.600000,20.157587,28.800000
0.960000, 0.540000,16.200000,20.136668,28.800000
0.960000, 0.560000,16.800000,20.101802,28.800000
0.960000, 0.580000,17.400000,20.052991,28.800000
0.960000, 0.600000,18.000000,19.990234,28.800000
0.960000, 0.620000,18.600000,19.913530,28.800000
0.960000, 0.640000,19.200000,19.822880,28.800000
0.960000, 0.660000,19.800000,19.718284,28.800000
0.960000, 0.680000,20.400000,19.599742,28.800000
0.960000, 0.700000,21.000000,19.467254,28.800000
0.960000, 0.720000,21.600000,19.320820,28.800000
0.960000, 0.740000,22.200000,19.160440,28.800000
0.960000, 0.760000,22.800000,18.986114,28.800000
0.960000, 0.780000,23.400000,18.797841,28.800000
0.960000, 0.800000,24.000000,18.595622,28.800000
0.960000, 0.820000,24.600000,18.379458,28.800000
0.960000, 0.840000,25.200000,18.149347,28.800000
0.960000, 0.860000,25.800000,17.905290,28.800000
0.960000, 0.880000,26.400000,17.647287,28.800000
0.960000, 0.900000,27.000000,17.375338,28.800000
0.960000, 0.920000,27.600000,17.089442,28.800000
0.960000, 0.940000,28.200000,16.789601,28.800000
0.960000, 0.960000,28.800000,16.475813,28.800000
0.960000, 0.980000,29.400000,16.148080,28.800000
0.960000, 1.000000,30.000000,15.806400,28.800000
0.980000, 0.000000,0.000000,15.411600,29.400000
0.980000, 0.020000,0.600000,15.673399,29.400000
0.980000, 0.040000,1.200000,15.924512,29.400000
0.980000, 0.060000,1.800000,16.164939,29.400000
0.980000, 0.080000,2.400000,16.394681,29.400000
0.980000, 0.100000,3.000000,16.613737,29.400000
0.980000, 0.120000,3.600000,16.822108,29.400000
0.980000, 0.140000,4.200000,17.019792,29.400000
0.980000, 0.160000,4.800000,17.206792,29.400000
0.980000, 0.180000,5.400000,17.383105,29.400000
0.980000, 0.200000,6.000000,17.548733,29.400000
0.980000, 0.220000,6.600000,17.703675,29.400000
0.980000, 0.240000,7.200000,17.847931,29.400000
0.980000, 0.260000,7.800000,17.981502,29.400000
0.980000, 0.280000,8.400000,18.104387,29.400000
0.980000, 0.300000,9.000000,18.216587,29.400000
0.980000, 0.320000,9.600000,18.318101,29.400000
0.980000, 0.340000,10.200000,18.408929,29.400000
0.980000, 0.360000,10.800000,18.489071,29.400000
0.980000, 0.380000,11.400000,18.558528,29.400000
0.980000, 0.400000,12.000000,18.617299,29.400000
0.980000, 0.420000,12.600000,18.665385,29.400000
0.980000, 0.440000,13.200000,18.702785,29.400000
0.980000, 0.460000,13.800000,18.729499,29.400000
0.980000, 0.480000,14.400000,18.745527,29.400000
0.980000, 0.500000,15.000000,18.750870,29.400000
0.980000, 0.520000,15.600000,18.745527,29.400000
0.980000, 0.540000,16.200000,18.729499,29.400000
0.980000, 0.560000,16.800000,18.702785,29.400000
0.980000, 0.580000,17.400000,18.665385,29.400000
0.980000, 0.600000,18.000000,18.617299,29.400000
0.980000, 0.620000,18.600000,18.558528,29.400000
0.980000, 0.640000,19.200000,18.489071,29.400000
0.980000, 0.660000,19.800000,18.408929,29.400000
0.980000, 0.680000,20.400000,18.318101,29.400000
0.980000, 0.700000,21.000000,18.216587,29.400000
0.980000, 0.720000,21.600000,18.104387,29.400000
0.980000, 0.740000,22.200000,17.981502,29.400000
0.980000, 0.760000,22.800000,17.847931,29.400000
0.980000, 0.780000,23.400000,17.703675,29.400000
0.980000, 0.800000,24.000000,17.548733,29.400000
0.980000, 0.820000,24.600000,17.383105,29.400000
0.980000, 0.840000,25.200000,17.206792,29.400000
0.980000, 0.860000,25.800000,17.019792,29.400000
0.980000, 0.880000,26.400000,16.822108,29.400000
0.980000, 0.900000,27.000000,16.613737,29.400000
0.980000, 0.920000,27.600000,16.394681,29.400000
0.980000, 0.940000,28.200000,16.164939,29.400000
0.980000, 0.960000,28.800000,15.924512,29.400000
0.980000, 0.980000,29.400000,15.673399,29.400000
0.980000, 1.000000,30.000000,15.411600,29.400000
1.000000, 0.000000,0.000000,15.000000,30.000000
1.000000, 0.020000,0.600000,15.176400,30.000000
1.000000, 0.040000,1.200000,15.345600,30.000000
1.000000, 0.060000,1.800000,15.507600,30.000000
1.000000, 0.080000,2.400000,15.662400,30.000000
1.000000, 0.100000,3.000000,15.810000,30.000000
1.000000, 0.120000,3.600000,15.950400,30.000000
1.000000, 0.140000,4.200000,16.083600,30.000000
1.000000, 0.160000,4.800000,16.209600,30.000000
1.000000, 0.180000,5.400000,16.328400,30.000000
1.000000, 0.200000,6.000000,16.440000,30.000000
1.000000, 0.220000,6.600000,16.544400,30.000000
1.000000, 0.240000,7.200000,16.641600,30.000000
1.000000, 0.260000,7.800000,16.731600,30.000000
1.000000, 0.280000,8.400000,16.814400,30.000000
1.000000, 0.300000,9.000000,16.890000,30.000000
1.000000, 0.320000,9.600000,16.958400,30.000000
1.000000, 0.340000,10.200000,17.019600,30.000000
1.000000, 0.360000,10.800000,17.073600,30.000000
1.000000, 0.380000,11.400000,17.120400,30.000000
1.000000, 0.400000,12.000000,17.160000,30.000000
1.000000, 0.420000,12.600000,17.192400,30.000000
1.000000, 0.440000,13.200000,17.217600,30.000000
1.000000, 0.460000,13.800000,17.235600,30.000000
1.000000, 0.480000,14.400000,17.246400,30.000000
1.000000, 0.500000,15.000000,17.250000,30.000000
1.000000, 0.520000,15.600000,17.246400,30.000000
1.000000, 0.540000,16.200000,17.235600,30.000000
1.000000, 0.560000,16.800000,17.217600,30.000000
1.000000, 0.580000,17.400000,17.192400,30.000000
1.000000, 0.600000,18.000000,17.160000,30.000000
1.000000, 0.620000,18.600000,17.120400,30.000000
1.000000, 0.640000,19.200000,17.073600,30.000000
1.000000, 0.660000,19.800000,17.019600,30.000000
1.000000, 0.680000,20.400000,16.958400,30.000000
1.000000, 0.700000,21.000000,16.890000,30.000000
1.000000, 0.720000,21.600000,16.814400,30.000000
1.000000, 0.740000,22.200000,16.731600,30.000000
1.000000, 0.760000,22.800000,16.641600,30.000000
1.000000, 0.780000,23.400000,16.544400,30.000000
1.000000, 0.800000,24.000000,16.440000,30.000000
1.000000, 0.820000,24.600000,16.328400,30.000000
1.000000, 0.840000,25.200000,16.209600,30.000000
1.000000, 0.860000,25.800000,16.083600,30.000000
1.000000, 0.880000,26.400000,15.950400,30.000000
1.000000, 0.900000,27.000000,15.810000,30.000000
1.000000, 0.920000,27.600000,15.662400,30.000000
1.000000, 0.940000,28.200000,15.507600,30.000000
1.000000, 0.960000,28.800000,15.345600,30.000000
1.000000, 0.980000,29.400000,15.176400,30.000000
1.000000, 1.000000,30.000000,15.000000,30.000000
